Post_ID,Post_Time,Post_Text,Post_Sentiment,Numbered_Sentiment,Post_From
267549344934623,2021-02-26 11:47:11,Media briefing on COVID-19,0,WHO
4053382938040392,2021-02-28 16:23:58,ğ—”ğ—¡ğ—¬ğ—¢ğ—¡ğ—˜ can contract COVID-19 regardless of race gender age or other personal qualities.ğš†ğš ğš—ğšğšğš ğšœğš˜ğš•ğš’ğšğšŠğš›ğš’ğšğš¢ ğ™½ğ™¾ğšƒ ğšœğšğš’ğšğš–ğšŠ in fighting the spread of COVID-19,2,WHO
4051015361610483,2021-02-28 09:41:00,As new variants emerge people are wondering if they should wait until a more efficacious vaccine is available or if they should go ahead and get vaccinated now? Answering your questions on COVID-19 vaccines and variants in this episode of Science in 5 is WHO's Dr Soumya Swaminathan.,4,WHO
4050984794946873,2021-02-28 02:23:05,How does WHO assess safety of COVID-19 vaccines?,0,WHO
4049628845082468,2021-02-27 10:56:55,People who are sick with COVID-19 have done nothing wrong so letâ€™s not treat them differently.We are stronger together in the fight against coronavirus,1,WHO
4046448368733849,2021-02-27 01:18:41,Is it safe for people with pre-existing conditions to receive a COVID-19 vaccine?As a reminder if you have any doubts or concerns please consult your healthcare provider.,4,WHO
4045744838804202,2021-02-26 17:32:00,El Salvador responded rapidly to the emergence of COVID-19 and in line with WHO advice stepped up preparedness of its health system in mid-January. ğŸ‡¸ğŸ‡» announced a national emergency on 30 January 2020 the same day that WHO declared a public health emergency of intl concern.ğŸ‡¸ğŸ‡»â€™s strong response has been built on equipping hospitals community level care and training health workers plus preparing for vaccine rollout which commenced 17 February 2021.,4,WHO
4040129796032373,2021-02-26 02:03:01,Are you working on site during the COVID-19 pandemic?We teamed up with IOSH to provide a ğŸ†• online course on how to stay healthy & safe in your workplace now or whenever you return.Start learning on OpenWHO today it's free for all:http://bit.ly/3pN7RAW,4,WHO
4041333382578681,2021-02-25 19:31:00,I hope everyone is taking comfort in the fact that we can drive COVID-19 transmission down and have possibility to control transmission with our individual-level actions if we are enabled to do so-Dr Maria Van Kerkhove about proven tools to control virus variants and challenges ahead â¬‡ï¸,1,WHO
4041248495920503,2021-02-25 14:41:06,Here are 5 tips that help you stay safe to protect yourself and others from COVID-19:ğŸ™Œ clean handsğŸ˜· wear a maskğŸ“ stay distantğŸ¤§ cough sneeze safelyğŸªŸ open windowsWe are #InThisTogether.,4,WHO
4036011976444155,2021-02-25 01:32:21,Should people who have had COVID-19 still get vaccinated?,0,WHO
4035987386446614,2021-02-24 17:30:19,Tools to fight COVID-19:1ï¸âƒ£ Physical distancing2ï¸âƒ£ #WearAMask3ï¸âƒ£ Hand Hygiene4ï¸âƒ£ Ventilation5ï¸âƒ£ Accurate informationBe your own superhero! We are in this together!,4,WHO
434095821176783,2021-02-24 11:00:51,LIVE Q&A on COVID-19 and vulnerable populations with Dr Mike Ryan Filippo Grandi - UNHCR the UN Refugee Agency High Commissioner Teresa Zakaria. Ask your questions!,2,WHO
4034612286584124,2021-02-24 08:25:37,ğŸš¨BREAKINGğŸš¨ : Today marks a big first step towards achieving vaccine equity.â €â €600000 COVID-19 vaccines arrived in Accra GhanağŸ‡¬ğŸ‡­ this morning making the country the first in Africa to receive the vaccines from COVAX facility (co-led by WHO UNICEF Gavi the Vaccine Alliance and the Coalition for Epidemic Preparedness Innovations-CEPI).â €â €We are also working closely with governments & manufacturers to ensure health workers & older people receive COVID-19 vaccines in all countries within the first 100 days of 2021.ğŸ“¸ by Â© COVAX/Krishnan,4,WHO
4028077477237605,2021-02-22 17:36:40,Quitting tobacco ğŸš­ can protect you from developing severe disease from COVID-19! Join Commit To Quit tobacco challenge to set a good example for your family and friends ğŸ‘‰bit.ly/3s73Rwx,4,WHO
790923468446829,2021-02-22 10:09:53,Media briefing on #COVID19 with Dr Tedros Dr Lee Bollinger Dr Anthony Fauci Dr Nancy Messonnier,0,WHO
173424287671876,2021-02-22 06:36:53,LIVE: Joint virtual press briefing by @DrTedros Adhanom Ghebreyesus and H.E. German Federal President Frank-Walter Steinmeier. #COVID19,3,WHO
4024814374230582,2021-02-22 02:02:44,Here are some tips on how to make your own fabric mask during COVID-19,4,WHO
4024804967564856,2021-02-21 17:28:00,It's International Mother Language Day!To help frontline health workers maximize their learning experience online courses of OpenWHO are available in 47 languages! Join the ğŸ†“ platform today & expand your knowledge on COVID-19 & many other topics: http://bit.ly/3ny7XvV,4,WHO
4024473857597967,2021-02-21 09:35:32,How far apart should the doses of COVID-19 vaccines be? What if I miss my second dose?Can I get two doses from two different manufacturers? How was safety of vaccines ensured?WHOâ€™s Chief Scientist Dr Soumya Swaminathan explains in Science in 5 â¬‡ï¸,3,WHO
4022162721162414,2021-02-20 17:57:58,This is how mRNA COVID-19 vaccines work â¬‡ï¸,0,WHO
4022159471162739,2021-02-20 11:57:00,During COVID-19 when out and about make hand sanitizer part of your mask wearing routine,0,WHO
4019625431416143,2021-02-20 01:26:00,4ï¸âƒ£ things that everyone can do for health workers during the COVID-19 pandemic:1. Keep yourself safe decreases in cases mean reduced burden on health systems and on ğŸ‘©â€âš•ï¸ğŸ‘¨â€âš•ï¸2. Help someone out; be kind3. Promote vaccine equity4. Innovate,3,WHO
4019584568086896,2021-02-19 17:45:00,What should you expect after getting a COVID-19 vaccine?,0,WHO
4018169751561711,2021-02-19 05:59:08,A year ago COVID-19 emerged and sparked a pandemic. Life-saving vaccines have been developed. What happens next is up to us. If we don't #ACTogether the world is on the brink of a catastrophic moral failure and the price will be paid with lives and livelihoods in the poorest countries- Tedros Adhanom Ghebreyesus,2,WHO
4016966998348653,2021-02-18 17:56:38,During the COVID-19 pandemic you may be asked to quarantine. Here is some advice on how to take care of yourself during that time â¬‡ï¸,0,WHO
1155561294915240,2021-02-18 08:37:40,Media briefing on COVID-19 with Dr Tedros & Dr Keith Rowley Trinidad & Tobago Prime Minister,0,WHO
4013783975333622,2021-02-18 02:04:36,Lower your risk from COVID-19 by combining these 5 precautions:1. Wear a mask2. Clean your ğŸ‘3. Keep physical distance4. Cough/sneeze away into your elbow5. Open windows as much as possible,3,WHO
4013773272001359,2021-02-17 17:58:00,Make a difference and declare your support for vaccine equity. Sign the WHO declaration calling for COVID-19 vaccines to reach health workers in every country in the first 100 days of 2021 â¬‡ï¸,4,WHO
737649907121657,2021-02-17 11:58:56,Live Q&A on COVID-19 with Dr Mike Ryan and Dr Maria van Kerkhove.,4,WHO
4012269882151698,2021-02-17 04:41:44,It's not fair that health workers who are risking their lives every day & the most vulnerable people are not accessing COVID-19 vaccine. #VaccinEquity is a chance to send a signal to the future that we will do more together to make our populations healthy: who.int/vaccinequity,4,WHO
4011306975581322,2021-02-16 18:50:02,Announcement of two vaccine versions of AstraZeneca allows everybody to access COVID-19 vaccines. Experts have looked at this vaccine and it is safe of good quality and is effective-Deusdedit Mubangizi WHO Prequalification Unit Head,4,WHO
4008822935829726,2021-02-16 02:08:57,How to wear a fabric mask safely during COVID-19: Don'ts,4,WHO
4008818135830206,2021-02-15 18:05:57,Today 2 versions of the AstraZeneca/Oxford COVID-19 vaccine are listed for emergency use giving the green light for these vaccines to be rolled out globally through COVAX. The vaccines are produced by AstraZeneca-SKBio ğŸ‡°ğŸ‡· and the Serum Institute of ğŸ‡®ğŸ‡³ : http://bit.ly/3rQJMKMWHO.INTWHO lists two additional COVID-19 vaccines for emergency use and COVAX roll-out,3,WHO
493016311687171,2021-02-15 11:35:47,Media briefing on COVID-19,0,WHO
4006423072736379,2021-02-14 19:14:53,If youâ€™re working from home due to COVID-19 look after your mental health by:ğŸ•— sticking to regular hoursâ˜•ï¸ taking breaks during the day to reduce stress and stay productive,2,WHO
4005802989465054,2021-02-14 13:11:49,If you have had COVID-19 should you still get vaccinated?Why are we not vaccinating children under 16?WHOâ€™s Chief Scientist Dr Soumya Swaminathan explains these and other vaccine related questions in Science In 5 this week.,2,WHO
4002913263087360,2021-02-13 18:49:41,Every day healthcare workers around the world are at risk.Not just from COVID-19 but from other people.Health workers are caring for us. Let us care for them.Be respectful.Be supportive.Be kind.,4,WHO
4002908096421210,2021-02-13 12:47:06,How to wear a fabric mask safely during COVID-19: Don'ts,4,WHO
4000888413289845,2021-02-13 02:52:16,COVID-19 continues to spread around the ğŸŒğŸŒğŸŒ.You can help stop COVID-19 by participating in contact tracing. Check out this video and learn how contact tracing works ğŸ‘‡,0,WHO
797248501001486,2021-02-12 10:44:24,Media briefing on COVID-19,0,WHO
3998033640241989,2021-02-11 18:25:12,If you are experiencing violence at home during COVID-19 here are some steps you can take â¬‡ï¸,0,WHO
3997192080326145,2021-02-11 11:12:46,Check out this animation and see how location proximity and time can help you make safer choices when you're in an area of widespread COVID-19 transmission.,0,WHO
3995181287193891,2021-02-11 02:31:18,Lower your risk from COVID-19 by combining these 5 precautions:1. Wear a mask2. Clean your ğŸ‘3. Keep physical distance4. Cough/sneeze away into your elbow5. Open windows as much as possible,3,WHO
3995180177194002,2021-02-10 17:30:57,WHO prescriptions for a healthy and green recovery from COVID-19:ğŸŒ± Protect and preserve natureğŸš° Invest in essential servicesğŸ’¡ Ensure a quick healthy energy transitionğŸ¥¦ Promote healthy sustainable food systemsğŸ™ Build healthy liveable citiesâŒ Stop using taxpayers money to fund pollution,4,WHO
2796091847296023,2021-02-10 10:04:32,WHO SAGE presenting its interim recommendations on the use of AstraZeneca Vaccine against #COVID19,0,WHO
3993156307396389,2021-02-10 02:34:13,You have been diagnosed with COVID-19 and you are still feeling sick for weeks or months afterwards?ğŸŒ€ FatigueğŸŒ€ Shortness of breathğŸŒ€ HeadacheğŸŒ€ FeverğŸŒ€ Muscle painğŸŒ€ Persistent coughğŸŒ€ Chest painğŸŒ€ Loss of smell or tasteğŸŒ€ Anxiety or depressionğŸŒ€ ConfusionTalk to your doctor!,1,WHO
3992194657492554,2021-02-09 17:11:34,We are all being exposed to a huge amount of COVID-19 information on a daily basis and not all of it is reliable.On Safer Internet Day here are 7ï¸âƒ£ tips for telling the difference and stopping the spread of misinformation â¬‡ï¸,4,WHO
280563006793769,2021-02-09 04:18:54,LIVE from Wuhan : Media briefing on COVID-19 origin mission,4,WHO
3989640491081304,2021-02-08 18:01:56,Vaccine trials normally have to wait for funding to really get going the search for a Covid-19 vaccine is different. Find out more ğŸ‘‡https://bit.ly/30ao4Gl,4,WHO
600321490837535,2021-02-08 11:36:36,Media briefing on COVID-19,0,WHO
3987862051259148,2021-02-08 02:04:41,Here are three main approaches to designing a COVID-19 vaccine:1âƒ£ the whole-microbe approach2âƒ£ the subunit approach3âƒ£ the genetic approach (nucleic acid vaccine)Learn more ğŸ‘‰bit.ly/3caqsDW,4,WHO
3987064054672281,2021-02-07 17:41:44,Vaccines work to help prevent cancer:âœ… Human papillomavirus (HPV) vaccination to protect against cervical cancerâœ… Hepatitis B vaccination to protect against liver cancer,0,WHO
3980502748661745,2021-02-07 09:59:00,WHOâ€™s Dr Katherine Oâ€™Brien busts some COVID-19 vaccine myths related to infertility DNA and composition of vaccines â¬‡ï¸,0,WHO
3983667888345231,2021-02-07 02:32:09,Here are 5âƒ£ tips that help you stay safe to protect yourself and others from COVID-19:ğŸ™Œ clean handsğŸ˜· wear a maskğŸ“ stay distantğŸ¤§ cough sneeze safelyğŸªŸ open windowsWe are #InThisTogether.,4,WHO
3983656261679727,2021-02-06 11:26:05,Unless we suppress the virus everywhere we could end up back at square oneWe believe: even as countries vaccinate their health workers and older people they must share excess doses with less well-off nations and do so for clear-cut moral health and economic reasons.We call on: companies to protect the most vulnerable people everywhere by taking steps to share know how and boost vaccine supply- Dr Tedros Adhanom Ghebreyesus,3,WHO
3981731551872198,2021-02-05 17:57:50,Itâ€™s important that priority groups receive COVID-19 vaccines first. This includes:âœ…Health and care workersâœ…People aged 65 and overâœ…People aged under 65 having underlying health conditions,4,WHO
789936851606936,2021-02-05 11:09:31,Media briefing on COVID-19,0,WHO
3978898512155502,2021-02-04 17:39:06,We are all being exposed to a huge amount of COVID-19 information on a daily basis and not all of it is reliable.Here are 7ï¸âƒ£ tips for telling the difference and stopping the spread of misinformation â¬‡ï¸,4,WHO
451957099326286,2021-02-03 11:15:15,Live Q&A on COVID-19 with Dr Mike Ryan and Dr Maria Van Kerkhove. Ask your questions!,4,WHO
3972969046081782,2021-02-03 02:49:53,#WearAMask to stop COVID-19 from spreading.-Clean your ğŸ‘ before putting it on when you touch it and after taking it off-Use store clean/dispose of it appropriatelyTo stay safe ğğ¨ ğ¢ğ­ ğšğ¥ğ¥:-Physical distance-Open windows-ğŸ‘ hygiene-Avoid crowds-Cover ğŸ‘„ ğŸ‘ƒ when ğŸ¤§,4,WHO
3972967486081938,2021-02-02 19:49:05,The ğŸŒ is overloaded with COVID-19 misinformationâ— Before you share a post or an article CHECK trusted sources like WHO & national health authoritiesâ— If you believe the information is false or misleading this is how you can REPORT it on social media: https://bit.ly/2FsXmBe,1,WHO
3972294602815893,2021-02-02 13:29:17,Developing a vaccine is a long road full of checkpoints ğŸ to make sure it is both safe and effective.ğŸšƒ Join us on the road to COVID-19 vaccines! ğŸ‘‡,4,WHO
3969795246399162,2021-02-01 18:07:35,We need to stay the course. We need to make sure that we adhere to those [proven public health] measures; in countries that we are seeing decreases in COVID-19 transmission measures can't be lifted quickly or else we will see a resurgence again-Dr Maria Van Kerkhove,4,WHO
172531210961363,2021-02-01 11:08:10,Media briefing on COVID-19,0,WHO
3966927413352612,2021-01-31 17:16:10,You may be at ğŸ¡ more than usual but you can be active:ğŸ’»Join online exercise classesğŸ¶Dance!ğŸ®Enjoy active video gamesâ›¹ï¸Play sports while staying safeğŸš¶ğŸ¾â€â™€ï¸Take stairsâŒ¨ï¸ Work standing upRegular physical activity is good for mental health and wellness including during COVID-19.,4,WHO
3961585497220137,2021-01-30 02:18:46,There is an incredible story to tell about how COVID-19 vaccines are being developed. Find out more ğŸ‘‰ https://bit.ly/30ao4Gl,4,WHO
3961576660554354,2021-01-29 17:14:13,The way in which the new COVID-19 virus variants transmit hasn't changed. So therefore all the measures we already have in place like-hand hygiene-physical distance-ventilation-masksare the things that still work.-Dr Mike Ryan,4,WHO
137744208176538,2021-01-29 12:00:03,A Great New Contract for Health and Healthcare with Tedros Adhanom GhebreyesusCOVID-19 has put a spotlight on the long-standing weaknesses of health systems across the globe. This Leadership Panel examines how government and business leaders can tackle the root causes of healthcare injustice and ensure accessible and affordable healthcare for all.,4,WHO
907703413372233,2021-01-29 10:36:03,Media briefing on COVID-19,0,WHO
3959744760737544,2021-01-29 03:28:22,We can outsmart the COVID-19 virus and the variants too. Let's outmanoeuvre it let's not give it an opportunity to infect others. Be your own superhero:-clean your ğŸ‘-open windows-wear a mask-keep physical distance-cough/sneeze in your elbow - Dr Maria Van Kerkhove,4,WHO
209491130910837,2021-01-28 10:18:26,LIVE: Q&A on COVID-19 vaccines with Dr Kate O'Brien and Dr Alejandro Cravioto.,4,WHO
3956865631025457,2021-01-28 05:00:43,How does WHO assess safety of COVID-19 vaccines?,0,WHO
3949446301767390,2021-01-26 01:51:00,If youâ€™re a frontline worker in the COVID-19 response know that youâ€™re not alone. Talk about your experiences and feelings with someone you trust.Take care of yourself including your mental health.,0,WHO
3917280618317292,2021-01-25 18:27:39,As COVID-19 vaccines are being developed discover how vaccines work ğŸ”¬ https://bit.ly/3gM8PdP,0,WHO
2884705321741607,2021-01-25 12:06:48,Media briefing on COVID-19,0,WHO
3946487655396588,2021-01-24 17:52:33,#WearAMask and protect your loved ones from COVID-19.But to break the chains of transmission we must also:-Keep physical distance-Keep our hands clean-Keep away from big crowds-Keep covering your ğŸ‘„ and ğŸ‘ƒ when coughing-Keep windows open as much as possibleğ——ğ—¼ ğ—¶ğ˜ ğ—®ğ—¹ğ—¹!,4,WHO
3945582115487142,2021-01-24 10:41:47,Are the symptoms of COVID-19 different in children? Do the new variants impact children differently? What can parents do to keep children safe from COVID-19?,4,WHO
3943523649026322,2021-01-24 03:09:51,Women with COVID-19 can breastfeed.They should:ğŸ¤±ğŸ¼Wash hands with soap and water or use alcohol-based hand rub frequentlyğŸ¤±ğŸ»Wear a medical mask during any contact with the babyğŸ¤±ğŸ¾Sneeze or cough into a tissueğŸ¤±Routinely clean and disinfect surfaces touched,4,WHO
3943519182360102,2021-01-23 19:07:35,Tools to fight COVID-19:1ï¸âƒ£ Physical distancing2ï¸âƒ£ Wear a mask3ï¸âƒ£ Hand Hygiene4ï¸âƒ£ Ventilation5ï¸âƒ£ Accurate informationBe your own superhero! We are in this together!,4,WHO
3798606793518009,2021-01-23 03:04:21,Check out this animation and see how location proximity and time can help you make safer choices when you're in an area of widespread COVID-19 transmission.,0,WHO
3940287272683293,2021-01-22 15:30:22,COVAX announced the signing of an advance purchase agreement for up to 40 million doses of the Pfizer-BioNTech COVID-19 vaccine http://bit.ly/396cCjQWHO.INTCOVAX Announces new agreement plans for first deliveries,4,WHO
883519555805507,2021-01-22 12:03:46,Media briefing on COVID-19,0,WHO
3936563833055637,2021-01-22 02:33:00,Is it ok to mix and match COVID-19 vaccines between the first dose and the second one?,4,WHO
3936845889694098,2021-01-21 17:43:45,ğ—¡ğ—¼ğ˜ ğ—¯ğ—²ğ—¶ğ—»ğ—´ ğ—®ğ—¯ğ—¹ğ—² ğ˜ğ—¼ ğ—µğ˜‚ğ—´ ğ—¼ğ˜‚ğ—¿ ğ—¹ğ—¼ğ˜ƒğ—²ğ—± ğ—¼ğ—»ğ—²ğ˜€ is one of the greatest sacrifices we all make in this COVID-19 pandemic.One of the quickest way for us to be able ğ˜ğ—¼ ğ—µğ˜‚ğ—´ ğ—®ğ—´ğ—®ğ—¶ğ—» is we have to control this virus.,4,WHO
3936554679723219,2021-01-21 09:29:01,It's Cervical Cancer Awareness Month!Here are 5ï¸âƒ£ facts about the HPV vaccineğŸ‘‰ HPV = human papillomavirusğŸ‘‰ HPV is the MOST common STIğŸ‘‰ HPV causes almost all cervical cancerğŸ‘‰ These types of HPV can be prevented with a vaccineğŸ‘‰ 2 doses protect girls against cervical cancer later in life,3,WHO
3934673563244664,2021-01-21 02:32:00,Should people who have had COVID-19 still get vaccinated?,0,WHO
3934706079908079,2021-01-20 17:29:00,If youâ€™re working from home due to COVID-19 look after your mental health by:â° sticking to regular working hoursâ˜•ï¸ taking breaks during the day to reduce stress and stay productive,2,WHO
154985992893689,2021-01-20 11:08:08,LIVE: Q&A on COVID-19 vaccines diagnostics & therapeutics safety with Dr Soumya Swaminathan and Dr Mariangela Simao. Ask your questions!,4,WHO
3933523793359641,2021-01-20 08:00:55,During COVID-19 when out and about make hand sanitizer part of your mask wearing routine,0,WHO
3931164830262204,2021-01-19 17:16:00,This is how mRNA COVID-19 vaccines work â¬‡ï¸,0,WHO
3930956766949677,2021-01-19 09:26:28,Will COVID-19 vaccines work against new virus variants? â¬‡ï¸,4,WHO
3928995037145850,2021-01-19 02:10:00,Lower your risk from COVID-19 by combining these 5 precautions:1. Wear a mask2. Clean your ğŸ‘3. Keep physical distance4. Cough/sneeze away into your elbow5. Open windows as much as possible,3,WHO
3928967537148600,2021-01-18 16:54:36,A year ago COVID-19 emerged and sparked a pandemic. Life-saving vaccines have been developed. What happens next is up to us. If we don't #ACTogether the world is on the brink of a catastrophic moral failure and the price will be paid with lives and livelihoods in the poorest countries- Tedros Adhanom Ghebreyesushttps://bit.ly/3io7f2q,2,WHO
3925925170786170,2021-01-17 17:42:00,We can control COVID-19 spread:-Keep physical distance avoid crowds open windows wear a mask clean your ğŸ‘-Active case finding-Cluster investigation-Isolation & clinical care of cases-Supported Quarantinethat is what breaks chains of transmission-Dr Maria Van Kerkhove,4,WHO
3920205201358167,2021-01-17 09:33:53,Calling all essential workers during COVID-19:ğŸ”¸health & social workersğŸ”¸emergency respondersğŸ”¸people working in food stores public transport pharmacies funeral parloursğŸ”¸people who are providing support to vulnerable family members or members of their communityThe â€œBasic Psychosocial Skills: A Guide for COVID-19 Respondersâ€ is for you. It provides practical advice for taking care of your own mental well-being communicating with empathy and helping people suffering from stress or severe distress. Case studies and tips to remember are included throughout.This guide was developed by the Inter-Agency Standing Committeeâ€™s Mental Health and Psychosocial Support Reference Group.,3,WHO
3922866001092087,2021-01-17 01:37:49,How to wear a fabric mask safely during COVID-19: Don'ts,4,WHO
3922870211091666,2021-01-16 17:43:00,4ï¸âƒ£ steps to stay fit to beat COVID-19:ğŸŠ eat a healthy dietğŸš­ no tobaccoğŸƒâ€â™€ï¸ be physically activeğŸ» stop harmful use of alcohol,4,WHO
3920200441358643,2021-01-16 09:31:22,The Minions and Gru are supporting WHO in making sure people of all ages stay safe and healthy during this COVID-19 pandemic:ğŸ’› physically distancingğŸ’› being active at homeğŸ’› being kind to each other,4,WHO
3920170851361602,2021-01-16 01:46:45,This is a defining moment in the pandemic. Health workers are exhausted health systems are stretched and weâ€™re seeing supplies of oxygen run dangerously low in some countries. We must act together as common humanity and rollout vaccines to health workers and those at highest risk- Tedros Adhanom Ghebreyesus,1,WHO
3920185704693450,2021-01-15 17:24:19,Aleksandra Kuzmanovic went for a walk with a friend 12 days ago. The day after her friend was feeling unwell and tested positive for COVID-19. To break the transmission chain Aleksandra immediately quarantined. She has been teleworking since and will continue for 14 days following WHO guidance.WHO recommends that people who are identified as contacts of people infected with the COVID-19 virus stay in quarantine for 14 days to limit interactions with others and potential onward spread: http://bit.ly/3i9wNQY,3,WHO
956053428258367,2021-01-15 12:08:13,Media briefing on COVID-19,0,WHO
3917287024983318,2021-01-14 17:51:00,How children can #WearAMaskğŸ˜· properly.Read more about children & masks in relation to COVID-19 â¡ï¸ bit.ly/35AXoSA,4,WHO
3916538481724839,2021-01-14 10:50:51,The Pfizer/BioNTech COVID-19 vaccine is the first vaccine to receive WHO validation for emergency use. Here is how it should be used â¬‡ï¸,4,WHO
3913928295319191,2021-01-14 02:16:00,Why is it important for scientists to look for the origins of the virus? Learn more about the team which is looking for the origins of the COVID-19 virus,4,WHO
3812892388750249,2021-01-13 11:04:44,Live Q&A on COVID-19 with Mike Ryan Maria Van Kerkhove Carlos del Rio & Colleen Kraft. Ask your questions!,4,WHO
3911196795592341,2021-01-12 17:13:32,COVID-19 continues to spread around the ğŸŒğŸŒğŸŒ.You can help stop COVID-19 by participating in contact tracing. Check out this video and learn how contact tracing works ğŸ‘‡,0,WHO
3907801582598529,2021-01-12 01:44:00,Maintaining connections between people diagnosed with COVID-19 and their loved ones can help protect their mental health.,4,WHO
3907788432599844,2021-01-11 17:16:56,Limiting COVID-19 transmission limits the chance of dangerous new variants from developing. We need to:-Keep physical distance as much as possible-Keep rooms well-ventilated-Wear a mask-Keep our hands clean-Cough away from others into your elbow- Tedros Adhanom Ghebreyesus,2,WHO
234080334839959,2021-01-11 12:06:27,Media briefing on COVID-19,0,WHO
3904843166227704,2021-01-11 02:27:34,I urge COVID-19 vaccine manufacturers to prioritise supply through COVAX; countries that have contracts for more vaccines than they need should donate them to COVAX immediately and stop making bilateral deals. Ending the pandemic is one of humanity's great races and whether we like it or not we will win or lose this race together- Tedros Adhanom Ghebreyesus,4,WHO
3901748443203843,2021-01-10 09:26:00,We are trying to stop a deadly disease - COVID-19. Downplaying it or creating conspiracy theories isn't helpful. Social media is a massive tool to achieve so much in our society. Let's not let the haters destroy that platform for it- Dr Mike Ryan,2,WHO
3901753146536706,2021-01-10 02:28:32,WHO prescriptions for a healthy and green recovery from COVID-19:ğŸŒ± Protect and preserve natureğŸš° Invest in essential servicesğŸ’¡ Ensure a quick healthy energy transitionğŸ¥¦ Promote healthy sustainable food systemsğŸ™ Build healthy liveable citiesâŒ Stop using taxpayers money to fund pollutionhttps://bit.ly/HealthyRecovery,4,WHO
3900819423296745,2021-01-09 10:53:17,How concerned should we be about the new variants of the COVID-19 virus? Do vaccines protect against these variants and what can you do to protect yourself?,4,WHO
3898808970164457,2021-01-09 02:29:55,Vaccine trials normally have to wait for funding to really get going the search for a Covid-19 vaccine is different. Find out more ğŸ‘‡https://bit.ly/30ao4Gl,4,WHO
3898807876831233,2021-01-08 18:29:21,Every day healthcare workers around the world are at risk.Not just from COVID-19 but from other people.Health workers are caring for us. Let us care for them.Be respectful.Be supportive.Be kind.,4,WHO
400282261030422,2021-01-08 11:26:25,Media briefing on COVID-19,0,WHO
3894759320569422,2021-01-08 02:04:00,New free online course to help countries develop national deployment and COVID-19 vaccination plans. Learn more on OpenWHO.org WHOâ€™s online learning platform: http://bit.ly/2J885Dk,4,WHO
3894646610580693,2021-01-07 17:51:51,We've entered a new phase of the COVID-19 pandemic where solidarity is needed like never before. Weâ€™re in a race to prevent infections bring cases down protect health systems and save lives while rolling out highly effective and safe vaccines to high-risk populations.If we act together we can get ahead of the virus while also limiting the opportunity for it to mutate further and stretch our health capacities even more. Morally economically socially and for global security we must act together right now- Tedros Adhanom Ghebreyesus,4,WHO
852371452180016,2021-01-07 09:01:03,LIVE: Q&A on COVID-19 vaccines with Dr Kate L. O'Brien and Dr Alejandro Cravioto.,4,WHO
3892030454175642,2021-01-07 02:12:48,Here are some tips on how to make your own fabric mask during COVID-19,4,WHO
149493226938970,2021-01-06 11:37:13,LIVE Q&A on COVID-19 with Dr Mike Ryan and Dr Maria Van Kerkhove. Ask your questions!,4,WHO
3890656554313032,2021-01-06 06:14:17,Join our weekly live Q&A on COVID-19 with Dr Mike Ryan and Dr Maria Van Kerkhove and ask your questions!ğŸ•” 17:00 CET,4,WHO
3889003707811650,2021-01-06 02:38:08,These are the ways to outsmart COVID-19:1. Governments: test isolate & treat patients trace and quarantine their contacts; inform empower and listen to communities2. Individuals: keep physical distance #WearAMask clean hands regularly cough safely away from others avoid crowds open windows,4,WHO
3888998737812147,2021-01-05 17:35:20,The Access to COVID-19 Tools (ACT) Accelerator is a ground-breaking global collaboration to accelerate the development production and equitable access to COVID-19 diagnostics therapeutics and vaccines.,0,WHO
220867929740423,2021-01-05 12:00:19,Media briefing on COVID-19,0,WHO
3885630204815667,2021-01-05 02:23:00,If you are experiencing violence during COVID-19:ğŸ¤ Reach out to supportive family friends or neighboursğŸ“ Call a hotline or access information online if possibleğŸ†˜ Seek out local services for survivors,4,WHO
3885628128149208,2021-01-04 18:39:56,Alternatives to handshakes hugs and high fives during COVID-19,4,WHO
3885234878188533,2021-01-04 09:00:39,We are all being exposed to a huge amount of COVID-19 information on a daily basis and not all of it is reliable.Here are 7ï¸âƒ£ tips for telling the difference and stopping the spread of misinformation â¬‡ï¸,4,WHO
3880101068701914,2021-01-03 17:28:28,The ğŸŒ is overloaded with COVID-19 misinformationâ— Before you share a post or an article CHECK trusted sources like WHO & national health authoritiesâ— If you believe the information is false or misleading this is how you can REPORT it on social media: https://bit.ly/2FsXmBe,1,WHO
3880080675370620,2021-01-03 09:18:00,Are you experiencing symptoms after recovery from COVID-19? WHOâ€™s Dr Janet Diaz explains what we know so for about prolonged symptoms â¬‡ï¸,0,WHO
3880088708703150,2021-01-03 01:22:19,COVID-19 vaccines - will they be safe?WHO Chief Scientis Dr Soumya Swaminathan explains why COVID-19 vaccines are able to be developed so fast â¬‡ï¸,4,WHO
3880042488707772,2021-01-02 17:06:01,How to rollout COVID-19 vaccines globally?,0,WHO
3880037772041577,2021-01-02 10:04:45,#WearAMask to stop COVID-19 from spreading.-Clean your ğŸ‘ before putting it on when you touch it and after taking it off-Use store clean/dispose of it appropriatelyTo stay safe ğğ¨ ğ¢ğ­ ğšğ¥ğ¥:-Physical distance-Open windows-ğŸ‘ hygiene-Avoid crowds-Cover ğŸ‘„ ğŸ‘ƒ when ğŸ¤§,4,WHO
3877917765586911,2021-01-01 17:07:00,The Pfizer/BioNTech COVID-19 vaccine became the first vaccine to receive WHO validation for emergency use since the outbreak began. Equitable global access to vaccines is crucial to combat the pandemic.bit.ly/3mZfl2d,3,WHO
3872134992831855,2020-12-31 09:28:00,COVID-19 lockdown or quarantine during the holiday season can make any of us feel lonely.Stay connected with your friends and family via telephone ğŸ“ social media ğŸ‘¥ or online communities to maintain your mental health.,2,WHO
3872110976167590,2020-12-31 01:53:00,One of the greatest sacrifices we all are making during COVID-19 is a hug. Holidays are times when we want to see and hug our loved ones the most. Dr Mike Ryan and Dr Maria Van Kerkhove explain what we need to do to get hugs back into our lives.,4,WHO
3872108062834548,2020-12-30 19:51:00,This holiday season don't be a COVID-19 super spreader - brought to you by WHO and YouTube,4,WHO
3872030176175670,2020-12-30 14:11:20,Check out this animation and see how location proximity and time can help you make safer choices when you're in an area of widespread COVID-19 transmission.,0,WHO
3869555576423130,2020-12-29 17:39:22,COVID-19 has exposed our societiesthe problems we havethe level of inequitythe level of povertythe level of exclusion.Going forward investing in health will be a priority for all countries. All roads must lead to universal health coverage to health for all! - Tedros Adhanom Ghebreyesus,0,WHO
3869256103119744,2020-12-29 13:18:34,There is an incredible story to tell about how COVID-19 vaccines are being developed. Find out more ğŸ‘‰ https://bit.ly/30ao4Gl,4,WHO
3866591286719559,2020-12-28 17:32:24,As an unprecedented year comes to a close and a New Year beckons here are ğŸ”Ÿ global health issues WHO and our partners will focus on in 2021 ğŸ‘‡https://bit.ly/2Jjxbzf1ï¸âƒ£ Build global solidarity for ğŸŒ health security2ï¸âƒ£ Speed up equitable access to safe & effective COVID-19 vaccines tests & treatments3ï¸âƒ£ Making Health For All a reality4ï¸âƒ£ Tackle health inequities5ï¸âƒ£ Prioritize science & innovation & improve data quality6ï¸âƒ£ Revitalize efforts to tackle communicable diseases7ï¸âƒ£ Combat drug resistance8ï¸âƒ£ Prevent and treat noncommunicable diseases and mental health conditions9ï¸âƒ£ Build back better from the pandemicğŸ”Ÿ Act in solidarityWHO.INT10 global health issues to track in 2021,4,WHO
2109672172500129,2020-12-28 11:21:57,Media briefing on COVID-19,0,WHO
3863440627034625,2020-12-28 02:36:00,There are certain places where COVID-19 spreads more easily:1ï¸âƒ£ Crowded places2ï¸âƒ£ Close-contact settings3ï¸âƒ£ Confined and enclosed spacesAvoid the 3ï¸âƒ£ Cs.,4,WHO
3863462583699096,2020-12-27 17:24:00,How long does your immunity last after you recover from COVID-19? Can you get reinfected? Why do you need to continue with preventative measures?,2,WHO
3863437117034976,2020-12-27 11:14:03,Today is the first ever International Day of Epidemic Preparedness.History tells us that COVID-19 will not be the last pandemic. We must commit to end the cycle of panic and neglect and invest in preparedness now so that our children inherit a safer more sustainable world. - Tedros Adhanom Ghebreyesus,4,WHO
3861649937213694,2020-12-27 02:05:00,It's first ever International Day of Epidemic PreparednessThe COVID-19 pandemic has underscored the importance of investing in systems to prevent detect and respond to infectious disease outbreaks.WHO works closely with governments to support efforts to build strong emergency and epidemic preparedness systems as part of an overall approach to advance universal health coverage and strengthen primary health care systems.,4,WHO
3860783673966987,2020-12-26 11:47:30,It's not just COVID-19 that is killing peopleit's underprivilegeit's lack of accessit's years of living with health conditions that haven't been properly managed because of the colour of your skin or your ethnicity or your social group- Dr Mike Ryan,3,WHO
3859929020719119,2020-12-26 05:05:55,Look back on WHOâ€™s COVID-19 response in 2020ğŸ‘‰bit.ly/3nMnA2SEnding the most serious health threat in 100 years requires:ğŸ§ª ScienceğŸ’¡ SolutionsğŸŒ Solidarity,3,WHO
3857845460927475,2020-12-25 17:37:00,Tools to fight COVID-19:1ï¸âƒ£ Physical distancing2ï¸âƒ£ #WearAMask3ï¸âƒ£ Hand Hygiene4ï¸âƒ£ Ventilation5ï¸âƒ£ Accurate informationBe your own superhero! We are in this together!,4,WHO
3857842247594463,2020-12-25 09:08:59,I wish everyone a safe and restful holiday season. This year by staying apart to stay safe from COVID-19 we can all give the most important gifts of all: the gifts of life and health - Dr Tedros Adhanom Ghebreyesus,4,WHO
2725660197674422,2020-12-23 11:05:03,Live Q&A on the new COVID-19 virus variant with WHO COVID Genomic UK and Sanger Institute's experts,4,WHO
3851477244897630,2020-12-23 05:23:28,When we say health workers are priority to get COVID-19 vaccine - does that mean only some health workers or is that all health workers?- Dr Mike Ryan's food for thought over upcoming holidays â¬‡ï¸,1,WHO
3849703461741675,2020-12-22 17:51:30,If a child in your life is worried that Santa Claus ğŸ… might not be able to travel and deliver presents ğŸ due to COVID-19 Dr Maria Van Kerkhove can provide reassurance: ğŸ… is immune.,4,WHO
3846261455419209,2020-12-21 17:59:04,#WearAMask and protect your loved ones from COVID-19.But to break the chains of transmission we must also:-Keep physical distance-Keep cleaning your hands-Keep away from big crowds-Keep covering your ğŸ‘„ and ğŸ‘ƒ when coughing-Keep opening windowsğ——ğ—¼ ğ—¶ğ˜ ğ—®ğ—¹ğ—¹!,4,WHO
1115609845552770,2020-12-21 11:20:30,Media briefing on COVID-19,0,WHO
3841407125904642,2020-12-20 09:23:00,ğŸ˜· How to wear a non-medical fabric mask safely during COVID-19:Doâ€™s and donâ€™ts,4,WHO
3841403195905035,2020-12-19 19:00:12,Here are 5 tips that help you stay safe to protect yourself and others from COVID-19:ğŸ™Œ clean handsğŸ˜· wear a maskğŸ“ stay distantğŸ¤§ cough sneeze safelyğŸªŸ open windowsWe are #InThisTogether.,4,WHO
3838534832858538,2020-12-19 01:50:11,As COVID-19 vaccines are rolled out health workers need to know how to administer them safely & effectively. WHO UNICEF and partners are offering a free 3-hour online course.Start learning on OpenWHO today:ğŸ‘‰ bit.ly/3nw9DWF,4,WHO
3838526766192678,2020-12-18 18:25:28,COVID-19 has significantly impacted refugees & migrants on their:ğŸ”¹access to workğŸ”¹safetyğŸ”¹financial meansğŸ”¹healthWe together can work to support migrants & refugees to mitigate the repercussions of the pandemic on their daily lives.,4,WHO
744822976117339,2020-12-18 11:35:03,Media briefing on COVID-19 and Migrants Day,0,WHO
3836608546384500,2020-12-18 02:52:20,It's International Migrants Day!Meet Raju a migrant worker from Bangladesh ğŸ‡§ğŸ‡© who contracted the COVID-19 virus. Find out how his situation spurred Singaporeans ğŸ‡¸ğŸ‡¬ and the government to take special measures to protect this community.,4,WHO
3832682880110400,2020-12-16 17:55:55,As COVID-19 vaccines are being developed discover how vaccines are manufactured stored and transported safely ğŸ”¬ http://bit.ly/37nUtgw,4,WHO
397158314728420,2020-12-16 12:38:28,Live Q&A on COVID-19 with Dr Mike Ryan and Dr Maria Van Kerkhove. Ask your questions!,4,WHO
3829735937071761,2020-12-16 01:23:00,As COVID-19 vaccines are underway discover how vaccines are developed safely ğŸ”¬ http://bit.ly/37nUkK9,4,WHO
3826794307365924,2020-12-15 01:22:00,Be kind and support loved ones during COVID-19.,4,WHO
3826788187366536,2020-12-14 17:57:47,As COVID-19 vaccines are being developed discover how vaccines work ğŸ”¬ https://bit.ly/3gM8PdP,0,WHO
2348749948604427,2020-12-14 11:04:45,Media briefing on COVID-19,0,WHO
3817800354931986,2020-12-14 01:30:52,How to wear a fabric mask safely during COVID-19: Don'ts,4,WHO
3817796308265724,2020-12-13 17:28:45,Here are 5 tips that help you stay safe to protect yourself and others from COVID-19:ğŸ™Œ clean handsğŸ˜· wear a maskğŸ“ stay distantğŸ¤§ cough sneeze safelyğŸªŸ open windowsWe are #InThisTogether.,4,WHO
3817769954935026,2020-12-13 02:14:03,COVID-19 continues to spread around the ğŸŒğŸŒğŸŒ.You can help stop COVID-19 by participating in contact tracing. Check out this video and learn how contact tracing works ğŸ‘‡,0,WHO
3817767271601961,2020-12-12 17:12:35,The window of opportunity is now. We must act now and act together to end COVID-19- Tedros Adhanom Ghebreyesus,0,WHO
3817758994936122,2020-12-12 01:08:00,A vaccine will help to end COVID-19 but thereâ€™s no vaccine for poverty hunger climate change or inequality. These challenges are deeply interwoven and so must be our response. We must act together!- @Tedros Adhanom Ghebreyesus,0,WHO
3101468306621288,2020-12-11 11:25:26,Media briefing on COVID-19,0,WHO
3814862945225727,2020-12-11 01:59:00,COVID-19 has been a painful reminder that investing in health is NOT optional. Health For All is the foundation of stable equitable prosperous and peaceful societies and economies that protect everyone,1,WHO
3814859398559415,2020-12-10 12:36:51,It's Human Rights DayLet's recover better from COVID-19 by ensuring human rights are central to the recovery efforts to reach our common goals:ğŸ’Ÿ health for allâš–ï¸ equal opportunities for everyoneğŸŒ³ greener planetIt's time to stand up for human rights!,3,WHO
3810057159039639,2020-12-08 18:42:03,We need to save the lives we can now not the lives we promise to save next year. Keep yourself & everyone else safe & then the COVID-19 vaccines will make a real difference- Dr Mike RyanPhysical distance â†”ï¸Hand hygiene ğŸ‘ğŸ’¦ğŸ§¼Wear a mask ğŸ˜·Open ğŸªŸCover your ğŸ¤§ğƒğ¨ ğ¢ğ­ ğšğ¥ğ¥!,4,WHO
1368087403527481,2020-12-08 09:05:48,Live Q&A on how to quit tobacco in time of COVID-19. Ask your questions!,4,WHO
3806973896014632,2020-12-08 01:24:00,Every day healthcare workers around the world are at risk.Not just from COVID-19 but from other people.Health workers are caring for us. Let us care for them.Be respectful.Be supportive.Be kind.,4,WHO
3806972589348096,2020-12-07 18:23:12,We all want to be with our loved ones during the upcoming holidays but we mustn't be complacent. COVID-19 is changing the way we celebrate but it doesnâ€™t mean we canâ€™t celebrate. Be safe: follow local guidance stay with your household and avoid crowds.- Tedros Adhanom Ghebreyesus,4,WHO
374699310486481,2020-12-07 11:16:22,Media briefing on COVID-19,0,WHO
3798631203515568,2020-12-07 01:44:00,Vaccine trials normally have to wait for funding to really get going the search for a Covid-19 vaccine is different. Find out more ğŸ‘‡https://bit.ly/30ao4Gl,4,WHO
3798619853516703,2020-12-06 17:39:00,4ï¸âƒ£ steps to stay fit to beat COVID-19:ğŸŠ eat a healthy dietğŸš­ no tobaccoğŸƒâ€â™€ï¸ be physically activeğŸ» stop harmful use of alcohol,4,WHO
3798627413515947,2020-12-05 17:42:00,A COVID-19 vaccine is an essential tool to help bring the pandemic under control learn how science is doing it. Find out more ğŸ‘‡ https://bit.ly/30ao4Gl,4,WHO
3798612120184143,2020-12-05 09:14:00,How will the COVID-19 vaccine reach you?,0,WHO
3798617143516974,2020-12-05 01:57:00,If youâ€™re a frontline worker in the COVID-19 response know that youâ€™re not alone. Talk about your experiences and feelings with someone you trust.Take care of yourself including your mental health.,0,WHO
683921508934442,2020-12-04 11:25:28,Media briefing on COVID-19,0,WHO
2773035629636383,2020-12-04 09:19:07,Live with Dr Tedros from the UNGA Special Session on COVID-19,4,WHO
3795104753868213,2020-12-04 02:07:01,To reduce your risk from COVID-19 #WearAMask when you are spending time indoors with people who are not part of your household unless you're sure the ventilation is good â¬‡,4,WHO
3792307170814638,2020-12-03 01:50:00,It's the International Day of Persons with DisabilitiesPeople with disability have been amongst the most vulnerable populations during the current COVID-19 outbreak due to many health social and environmental barriers discriminatory attitudes and inaccessible infrastructure.,3,WHO
3792286887483333,2020-12-02 17:19:38,#WearAMask to stop COVID-19 from spreading.-Clean your ğŸ‘ before putting it on when you touch it and after taking it off-Use store clean/dispose of it appropriatelyTo stay safe ğğ¨ ğ¢ğ­ ğšğ¥ğ¥:-Physical distance-Open windows-ğŸ‘ hygiene-Avoid crowds-Cover ğŸ‘„ ğŸ‘ƒ when ğŸ¤§,4,WHO
820427105477641,2020-12-02 10:17:36,Live Q&A on COVID-19 with Dr Mike Ryan and Dr Maria Van Kerkhove. Ask your questions!,4,WHO
3786365971408758,2020-11-30 17:56:46,There is an incredible story to tell about how COVID-19 vaccines are being developed. Find out more ğŸ‘‰ https://bit.ly/30ao4Gl,4,WHO
299218038008262,2020-11-30 11:08:37,Media briefing on COVID-19,0,WHO
3784425014936187,2020-11-30 03:03:16,How to rollout COVID-19 vaccines globally?,0,WHO
3776191519092870,2020-11-29 09:49:51,Alternatives to handshakes hugs and high fives during COVID-19,4,WHO
3776137659098256,2020-11-29 01:36:10,We understand the pandemic fatigue that people are feeling. It takes a mental and physical toll on everyone and no one wants more so-called lockdowns. But if we want to avoid them we all have to play our part and we cannot give up. We must not give up.- Dr Tedros Adhanom Ghebreyesus,4,WHO
3776166312428724,2020-11-28 09:39:00,What kind of COVID-19 tests are available?What are antigens and antibodies?What about the accuracy of these tests?,4,WHO
379727776671085,2020-11-25 11:02:54,COVID-19 live Q&A: How viruses enter the human population and how they can change. Ask your questions!,3,WHO
3768890366489652,2020-11-24 17:49:55,Tools to fight COVID-19:1ï¸âƒ£ Physical distancing2ï¸âƒ£ #WearAMask3ï¸âƒ£ Hand Hygiene4ï¸âƒ£ Ventilation5ï¸âƒ£ Accurate informationBe your own superhero! We are in this together!,4,WHO
3765584460153576,2020-11-23 17:28:29,Check out this animation and see how location proximity and time can help you make safer choices when you're in an area of widespread COVID-19 transmission.,0,WHO
215082473311206,2020-11-23 11:05:44,Media briefing on COVID-19,0,WHO
3760066584038697,2020-11-22 01:22:00,This is how you can protect yourself from COVID-19,0,WHO
3760098337368855,2020-11-21 17:38:00,FACT: Water or swimming does not transmit the COVID-19 virus,0,WHO
3757136877665001,2020-11-21 02:09:00,Why we can trust the safety of COVID-19 vaccines trials â¬‡ï¸,0,WHO
3756545334390822,2020-11-20 09:58:22,WHO has made a conditional recommendation against the use of remdesivir in hospitalized COVID-19 patients as there is currently no evidence that remdesivir improves survival or reduces need for ventilation in these patients.A conditional recommendation is issued when the evidence around the benefits and risks of an intervention is less certain.Corticosteroids are the only drug so far proven to be effective against COVID-19 when used in the treatment of severe and critical patients.WHO.INTWHO recommends against the use of remdesivir in COVID-19 patients,3,WHO
356177312342095,2020-11-20 09:06:43,Media briefing on COVID-19,0,WHO
3755633254482030,2020-11-20 03:07:09,Today is World Children's DayHere is some helpful advice on how to talk to children about COVID-19.,0,WHO
3754438394601516,2020-11-19 21:27:00,COVID-19 vaccines - will they be safe?WHO Chief Scientis Dr Soumya Swaminathan explains why COVID-19 vaccines are able to be developed so fast â¬‡ï¸,4,WHO
3747674061944616,2020-11-19 01:55:00,This is how WHO technical experts are helping hospitals improve their structural design in response to COVID-19.,0,WHO
3419599631471666,2020-11-18 11:01:59,Live Q&A on COVID-19 with Dr Mike Ryan and Dr Maria Van Kerkhove. Ask your questions!,4,WHO
3750398705005485,2020-11-18 08:28:54,The WHO Academy has launched its first augmented reality course for health workers on the proper use of COVID-19 personal protective equipment.This short course is available on the Academyâ€™s mobile learning app for all health workers ğŸŒğŸŒğŸŒ:ğŸ“± https://whoa.page.link/ARPPE,4,WHO
3748595098519179,2020-11-17 23:54:53,#WearAMask and protect your loved ones from COVID-19.But to break the chains of transmission we must also:-Keep physical distance-Keep cleaning your Open hands-Keep away from big crowds-Keep covering your ğŸ‘„ and ğŸ‘ƒ when coughingğ——ğ—¼ ğ—¶ğ˜ ğ—®ğ—¹ğ—¹!,4,WHO
3747600795285276,2020-11-17 10:27:29,Today is World Prematurity Day.1ï¸âƒ£ in ğŸ”Ÿ babies around the world are born preterm - before 37 weeks of ğŸ¤°.Complications from prematurity is the leading cause of death for children under 5. Health service disruptions due to COVID-19 may have further devastating impacts and push back progress.,1,WHO
3745367278841961,2020-11-16 17:45:00,COVID-19 has a wide range of symptoms. Find out more here â¬‡ï¸,4,WHO
800729797441680,2020-11-16 11:26:41,Media briefing on COVID-19,0,WHO
3742323649146324,2020-11-15 17:27:00,How is WHO helping Mexico ğŸ‡²ğŸ‡½ respond to COVID-19?ğŸ” supporting surveillanceğŸ§ª increasing diagnostic capacityğŸ‘©â€âš•ï¸ï¸ training health workersğŸ¥ repurposing and expanding hospitals,4,WHO
3738464532865569,2020-11-15 01:25:16,Join us in Kim Sledgeâ€™s special edition cover:1. Record your own video2. Share it oTikTok or upload at http://unitystrong.com3. Help promote health and stop COVID-19,4,WHO
3738458709532818,2020-11-14 17:21:00,Are you a nurse doctor or other health professional?Here are some ways to cope with the stress during COVID-19.,1,WHO
3738424172869605,2020-11-14 10:47:45,Today is World Diabetes Day.Diabetes is a chronic disease that occurs either when the pancreas does not produce enough insulin or when the body cannot effectively use the insulin it produces.COVID-19 causes fear and suffering for people with diabetes:1. They have increased risk of severe disease and death when infected with COVID-192. Delay in diagnosis may result in more advanced disease and complications3. Delayed incomplete interrupted treatment,4,WHO
3736130466432309,2020-11-14 01:56:40,This is when and how children should wear a mask during COVID-19.,0,WHO
3736109663101056,2020-11-13 18:06:12,It's World Diabetes Day.People with diabetes have a higher risk of severe COVID-19 disease and death when infected but many are having difficulty accessing the treatment they need due to disruptions to essential health services.,4,WHO
3735269159851773,2020-11-13 10:50:36,Thank you Rita Ora - happy to see that #WeAreFamily.Join us Rita The World We Want and WHO Foundation in Kim Sledgeâ€™s special edition cover:1. Recording your own video2. Share it on TikTok or upload at http://unitystrong.com3. Help promote health and stop COVID-19,4,WHO
3732735076771848,2020-11-13 00:32:00,How can we celebrate the holidays safely during COVID-19? Who are the high risk members in our families and communities and how can we keep them safe?,4,WHO
3732727360105953,2020-11-12 17:28:28,ğŸ†• Measles surged worldwide in 2019 reaching almost 870000 cases the highest number reported in 23 years.Global measles deaths have climbed nearly 50% since 2016 claiming an estimated 207500 lives in 2019 alone.We need champions around the ğŸŒ to reach the 146M children who may not get the measles vaccine due to paused immunization campaigns because of COVID-19.,2,WHO
3729090260469663,2020-11-12 10:12:10,The Access to COVID-19 Tools (ACT) Accelerator is a ground-breaking global collaboration to accelerate the development production and equitable access to COVID-19 diagnostics therapeutics and vaccines.,0,WHO
3385812978151601,2020-11-11 11:05:39,Live Q&A on COVID-19 vaccines with Dr Soumya Swaminathan and Kate O'Brien. Ask your questions!,4,WHO
3725599177485438,2020-11-11 02:13:10,Through solidaritythrough trustthrough working togetherwe have a chance to turn a tragic pandemic into a beacon of hope for the future of our planet - Dr Mike Ryan WHO Emergencies Programme Executive Director#COVID19,1,WHO
3725583430820346,2020-11-10 17:44:00,Here are 5âƒ£ tips that help you stay safe to protect yourself and others from COVID-19:ğŸ™Œ clean handsğŸ˜· wear a maskğŸ“ stay distantğŸ¤§ cough sneeze safelyğŸªŸ open windowsWe are #InThisTogether.,4,WHO
3723767531001936,2020-11-10 10:14:00,To nurses and midwives of the ğŸŒ:â¤ Thank you for working round the clock to fight the COVID-19 pandemic.â¤ Thank you for the difference you are making every day and everywhere.Support Nurses and Midwives!,1,WHO
3722496151129074,2020-11-10 02:08:00,If you are experiencing violence during COVID-19:ğŸ¤ Reach out to supportive family friends or neighboursğŸ“ Call a hotline or access information online if possibleğŸ†˜ Seek out local services for survivors,4,WHO
3722186411160048,2020-11-09 12:32:02,You can star with us and The World We Want in Kim Sledge's #WeAreFamily cover video for unity against COVID-19! Hereâ€™s how:1ï¸âƒ£ Record yourself singing to the song2ï¸âƒ£ Share your video on your social media channels and/or upload at http://unitystrong.com3ï¸âƒ£ Invite your friends to join,3,WHO
3719853631393326,2020-11-09 00:22:27,COVID-19 threatens us all whoever we are wherever we live.Now more than ever the ğŸŒğŸŒğŸŒ needs WHO.To build a healthier world:FOR YOU FOR EVERYONE!,4,WHO
3719845948060761,2020-11-08 17:47:46,"Wash your hands for 40 seconds and sing along ""Wash Wash Wash Your Hands"" with Peppa Pig and and her friends Rebecca Rabbit and Mr Badger!Washing your hands can help to stop the spread of COVID-19.",0,WHO
3719020728143283,2020-11-08 10:52:31,Today is International Day of Radiology125 years ago today Wilhelm C. Roentgen discovered X-rays. He helped save millions of lives and won a Nobel Prize. X-ray imaging and guided interventions play a key role in achieving health for all including during COVID-19,0,WHO
3716638125048210,2020-11-07 17:18:00,Why are experts concerned about COVID-19 and antibiotics and why you should care?,0,WHO
3713507612027928,2020-11-07 01:49:40,These are the ways to outsmart COVID-19:1. Governments: test isolate & treat patients trace and quarantine their contacts; inform empower and listen to communities2. Individuals: keep physical distance #WearAMask clean hands regularly and cough safely away from others,4,WHO
3713504285361594,2020-11-06 18:07:00,â€œWe got back on our feet and decided to work and rebuild with whatever we have available.â€- Marie Chief Nurse at Beirutâ€™s Quarantina HospitalWithin 48 hours of the devastating explosion at the port in Beirut Lebanon on 4 August 2020 WHO mobilized to support the deployment of Emergency Medical Teams to the city. Amidst the ongoing COVID-19 pandemic the teams helped respond to immediate trauma needs and together with dedicated local health workers like Marie they also to help get damaged health facilities back up and running as quickly as possible.,2,WHO
3713167322061957,2020-11-06 13:31:54,Dr Mike Ryan and Dr Maria Van Kerkhove answer a question about a mink-related strain of the COVID-19 virus in Denmark ğŸ‡©ğŸ‡°,0,WHO
718726592322629,2020-11-06 05:10:02,Media briefing on COVID-19,0,WHO
3710305759014780,2020-11-06 00:02:00,You may catch COVID-19 and be at risk of becoming severely ill if you've a noncommunicable disease/a pre-existing condition such as:â—ï¸Cardiovascular diseaseâ—ï¸Chronic respiratory diseaseâ—ï¸Diabetesâ—ï¸CancerHere are tips for people affected by these conditions to stay safe:âœ”ï¸Take your medicine & follow medical adviceâœ”ï¸Secure 1 month+ supply of medicationâœ”ï¸Keep distance from sick peopleâœ”ï¸Wash ğŸ‘ oftenâœ”ï¸ğŸš­ or quit drinking ğŸ¾âœ”ï¸ Protect mental health,1,WHO
3710005232378166,2020-11-05 17:23:44,How does the COVID-19 virus transmit? When and in what settings does transmission take place?,0,WHO
843254333092223,2020-11-04 11:00:20,Live Q&A on COVID-19 with Dr Mike Ryan and Dr Maria Van Kerkhove. Ask your questions!,4,WHO
3704277889617567,2020-11-04 01:47:00,How does air pollution affect our body during the COVID-19 pandemic?,0,WHO
3704262842952405,2020-11-03 17:26:00,Check out this animation and see how location proximity and time can help you make safer choices when you're in an area of widespread COVID-19 transmission.,0,WHO
2070913036374417,2020-11-03 08:10:01,Live Q&A on flu in time of COVID-19. Ask your questions!,4,WHO
3701290059916350,2020-11-03 01:52:09,COVID-19 continues to spread around the ğŸŒğŸŒğŸŒ.You can help stop COVID-19 by participating in contact tracing. Check out this video and learn how contact tracing works ğŸ‘‡,0,WHO
3701288656583157,2020-11-02 17:51:07,We are at another critical moment for action in the COVID-19 pandemic. Another critical moment for leaders to step up. And another critical moment for people to come together for a common purpose. We must seize the opportunity itâ€™s not too late. Together!,2,WHO
778296612731860,2020-11-02 11:19:05,Media briefing on COVID-19,0,WHO
3699529596759063,2020-11-02 03:34:11,Since the beginning of the COVID-19 pandemic Mongolia has recorded no deaths from the virus and only imported cases with no local transmission. The government's response has focused on prevention risk communication and community engagement. This video shows Mongolian experience.,0,WHO
3698477016864321,2020-11-02 01:19:01,Be kind and support loved ones during COVID-19.,4,WHO
3698471530198203,2020-11-01 17:56:27,Every day healthcare workers around the world are at risk.Not just from COVID-19 but from other people.Health workers are caring for us. Let us care for them.Be respectful.Be supportive.Be kind.,4,WHO
3696729877039035,2020-11-01 09:36:00,How does ventilation keep your homes schools offices shops safe from COVID-19?,4,WHO
3694728420572514,2020-11-01 02:07:00,ğŸ˜· How to wear a non-medical fabric mask safely during COVID-19:Doâ€™s and donâ€™ts,4,WHO
3694718133906876,2020-10-31 19:14:42,This is what works against COVID-19: â€¬â€ª1 Preventing amplifying eventsâ€¬â€ª2 Protecting the vulnerableâ€¬â€ª3 Educating and empowering communities to protect themselves and othersâ€¬â€ª4 Finding isolating testing and caring for cases and tracing and quarantining their contactsâ€¬Do it ALL! - Tedros Adhanom Ghebreyesus,0,WHO
3691710550874301,2020-10-31 02:46:37,Listening to Paul Garner Woof Martha Sibanda and Lyth Hishmeh share their experiences and array of symptoms it reinforces what a dangerous virus COVID-19 is. Governments must recognise the long-term effects of the virus and ensure access to health services for those patients.Their stories reinforce how morally unconscionable and unfeasible the so called â€˜natural herd immunityâ€™ strategy is. Not only would it lead to millions more unnecessary deaths it would also lead to a significant number of people facing a long road to full recovery.Herd immunity is only possible with safe and effective vaccines that are distributed equitably around the world. Until we have a vaccine governments and people must do all that they can to suppress transmission which is the best way to prevent post-COVID long-term effects.- Tedros Adhanom Ghebreyesus,4,WHO
3691533477558675,2020-10-30 18:44:00,This Halloween ğŸƒ let's spook COVID-19! ğŸ‘»If the virus is haunting your community please try to trick or treat ğŸ­ğŸ¬ğŸ« with your little ones inside your homes.If local rules allow spooky celebrations in your neighborhood here is how to do it safely â¬‡ï¸,4,WHO
807217886732393,2020-10-30 12:15:23,Media briefing on COVID-19,0,WHO
3690328204345869,2020-10-30 06:49:30,COVID19 affected all sectors of society in Spain including sports one of the populationâ€™s most important areas of life. In response Ministerio de Sanidad and Ministerio de Cultura y Deporte following WHO guidance developed the â€œSafe Sportsâ€ initiative.,4,WHO
3689894537722569,2020-10-30 03:11:34,"They worked day and night in different shiftsâ€In Pakistan WHO helped support the country to increase the number of laboratories capable of testing for COVID-19.,0,WHO
3686001968111826,2020-10-29 02:32:59,WHO has teamed Ubongo Kids Africa-based children's education and entertainment producer to launch 'Will you wash your hands with Akili?'. The sing-a-long video by Akili and Me shows children how to wash their hands to stay safe during the COVID-19 pandemic.,4,WHO
3685999461445410,2020-10-28 19:31:51,How to wear a fabric mask safely during COVID-19: Don'ts,4,WHO
367817351131240,2020-10-28 11:40:59,Live Q&A on COVID-19 diagnostics and essential health services with Hanan Balkhy and Edward Kelley,3,WHO
3682746008437422,2020-10-28 02:43:53,There are lots of things that we want to be doing right now but they aren't necessarily what we need to be doing right now - please make good choices.There's so much you can do to protect yourself from getting infected and from passing COVID-19 on to others.-Dr Maria Van Kerkhove ğŸ‘‡,4,WHO
3682125195166170,2020-10-27 12:43:06,We understand the pandemic fatigue that people are feeling. It takes a mental and physical toll on everyone and no one wants more so-called lockdowns. But if we want to avoid them we all have to play our part and we cannot give up. We must not give up.- Dr Tedros Adhanom Ghebreyesus,4,WHO
3676057852439571,2020-10-25 11:31:52,Many countries don't have enough oxygen available to assist sick COVID-19 patients as they struggle to breathe. The oxygen project reflects WHOâ€™s commitment to end-to-end solutions and innovation to do what we do better cheaper and to reach more people.- Dr Tedros Adhanom Ghebreyesus,4,WHO
3672068192838537,2020-10-24 17:36:40,Today is World Polio Day!â €â €Take a moment to learn how Pakistan ğŸ‡µğŸ‡° is using its experience in the fight against polio to help respond to COVID-19.â €â €A call centre in Islamabad is just one example of how staff and systems from the polio programme quickly pivoted to help with Pakistanâ€™s early COVID-19 response.,4,WHO
3672105149501508,2020-10-24 09:53:02,We are at a critical juncture in the COVID-19 pandemic particularly in the northern hemisphere. The next few months are going to be very tough and some countries are on a dangerous track but it's never too late for leaders to act and turn the outbreak around.- Dr Tedros Adhanom Ghebreyesus,1,WHO
3670517959660227,2020-10-24 01:26:02,Today is World Polio Day!5 of the 6 WHO regions â€“ representing more 90% of the ğŸŒğŸŒğŸŒ population â€“ are now free of the wild poliovirus!In 2020 after 4 years without a case World Health Organization African Region has been certified as wild polio-free! Take a moment to learn about remarkable success against wild polio in Africa.,4,WHO
3670465672998789,2020-10-23 17:57:00,We are all being exposed to a huge amount of COVID-19 information â„¹ï¸ on a daily basis and not all of it is reliable.Here are 7 tips for telling the difference and stopping the spread of misinformation: https://bit.ly/31sc7wk,4,WHO
343545700271636,2020-10-23 11:33:16,Media briefing on COVID-19,0,WHO
3667385349973488,2020-10-23 01:22:56,Alternatives to handshakes hugs and high fives during COVID-19,4,WHO
3667352786643411,2020-10-22 17:07:12,In the fight against COVID-19 access to information is critical. That is why we are joining forces with Wikimedia Foundation to make public health information available under a free license to be distributed on Wikipedia.Better knowledge = better health,4,WHO
3666124156766274,2020-10-22 09:32:00,Let's focus on what we can do now to stop COVID-19. Decisions that all of us make following the advice from health authorities are having an impact.We have to and we will get through this together.- Dr Maria Van Kerkhove,0,WHO
3664210736957616,2020-10-22 01:51:00,101 containers for COVID-19 triage and testing were delivered across Serbia earlier this year. This helps reduce the risk of COVID-19 spreading to health workers and within health facilities.,0,WHO
3664198043625552,2020-10-21 17:45:54,How is WHO helping to protect the Rohingya population in Coxâ€™s Bazar ğŸ‡§ğŸ‡© from COVID-19?ğŸ” boosting disease surveillanceğŸ§ª increasing lab capacityğŸ©º helping set up treatment facilitiesğŸ“¢ engaging with communities,4,WHO
342591107007522,2020-10-21 11:09:33,#AskWHO on COVID-19 with Dr Mike Ryan and Dr Maria Van Kerkhove,0,WHO
3660733660638657,2020-10-21 02:41:00,What kind of mask should you wear while flying during COVID-19 â“ğŸ˜· Medical mask for those over 60 or people with underlying health conditionsğŸ˜· Fabric mask for people who feel healthy and have no symptoms,4,WHO
3660729703972386,2020-10-20 20:09:00,How children can #WearAMaskğŸ˜· properly.Read more about children & masks in relation to COVID-19 â¡ï¸ bit.ly/35AXoSA,4,WHO
3660521187326571,2020-10-20 14:35:19,Smoking damages your lungs and other parts of your body and it makes you more vulnerable to COVID-19 infection.It is the right time to ğŸš­ quit smoking for a safer and better health. ğŸ’ª,4,WHO
3659114980800525,2020-10-20 03:55:07,Investment in emergency preparedness and health system strengthening has helped Rwanda confront the COVID-19 crisis effectively control the emergence of the virus and protect the health of its population. This video tells the story of ğŸ‡·ğŸ‡¼â€™s experience.,4,WHO
768515907322905,2020-10-19 11:21:57,Media briefing on COVID-19,0,WHO
3649816068397083,2020-10-17 09:21:01,Dr Sylvie Briand busts myths about COVID-19 and antibiotics alcohol and garlic in this weekâ€™s Science in 5,0,WHO
3649810595064297,2020-10-17 01:18:01,People with cardiovascular disease or diabetes as well as those with hypertension and obesity are at increased risk of severe disease and death from COVID-19.Learn how to check your blood pressure today!,0,WHO
3649807655064591,2020-10-16 17:16:30,It's World Food Day.DYK: Before the COVID-19 pandemic over 2 billion people did not have regular access to safe nutritious & sufficient food.130 million more people could now fall into chronic hunger by the end of 2020.,4,WHO
396807801348609,2020-10-16 11:23:47,Media briefing on COVID-19,0,WHO
3645274042184619,2020-10-15 04:18:36,Today is Global Handwashing Day!Washing your hands regularly with ğŸ§¼ and ğŸ’¦ is one of the most important and most basic steps keeping safe from COVID-19 and many other pathogens.Thank you Disney for this cute video.,4,WHO
3643994548979235,2020-10-15 01:41:26,Here are some tips on how to make your own fabric mask during COVID-19,4,WHO
3643987652313258,2020-10-14 16:38:37,The ğŸŒğŸŒğŸŒ has made steady progress in tackling tuberculosis (TB) with a 1ï¸âƒ£4ï¸âƒ£% drop in deaths between 2015 and 2019.ğŸš¨ The pandemic will lead to setbacks if no action is taken urgently. To end TB we need to ensure that essential services for both TB and COVID-19 are maintained for those in need.,3,WHO
733692127361051,2020-10-14 11:03:43,LIVE: Q&A on COVID-19 with Dr Soumya Swaminathan and Dr Maria Van Kerkhove. Ask your questions!,4,WHO
3642402742471749,2020-10-14 04:25:33,WHO prescriptions for a healthy and green recovery from COVID-19:ğŸŒ± Protect and preserve natureğŸš° Invest in essential servicesğŸ’¡ Ensure a quick healthy energy transitionğŸ¥¦ Promote healthy sustainable food systemsğŸ™ Build healthy liveable citiesâŒ Stop using taxpayers money to fund pollutionhttps://bit.ly/HealthyRecovery,4,WHO
3641044819274208,2020-10-13 17:58:59,The Minions and Gru are supporting WHO in making sure people of all ages stay safe and healthy during this COVID-19 pandemic:ğŸ’› physically distancingğŸ’› being active at homeğŸ’› being kind to each other,4,WHO
3640036686041688,2020-10-13 10:39:08,During COVID-19 taking precautions is essential when you travel by âœˆï¸.Here are steps you can follow before taking a flight ğŸ‘‡,0,WHO
3638982922813731,2020-10-13 03:47:35,This is when and how children should wear a mask during COVID-19.,0,WHO
3637766486268708,2020-10-12 17:35:35,â€œWe've received millions of calls from all across Pakistan.â€A call centre in Islamabad is just one example of how staff and systems from the polio programme quickly pivoted to help with Pakistanâ€™s early COVID-19 response.,4,WHO
333734921251249,2020-10-12 11:23:50,Media briefing on COVID-19,0,WHO
3632878800090810,2020-10-11 09:02:00,What are serological surveys? How do they help you assess your risk of COVID-19?,0,WHO
2799239810323300,2020-10-09 11:22:48,Media briefing on COVID-19,0,WHO
3623827960995894,2020-10-09 01:56:00,â¤ï¸ Staying positiveâ¤ï¸ Keeping healthyâ¤ï¸ Looking out for each otherare so important especially during the COVID-19 pandemic-SuperM_smtownMark your calendar for the Big Event on Mental Health:ğŸ—“ï¸ 10.10.2020ğŸ•™ 10h00 ESTğŸ•“ 16h00 CESTğŸ•š 23h00 KST,3,WHO
3616979718347385,2020-10-06 17:57:00,â€œNow I feel safe to come to the hospital.â€ - New mother Sophia 31 from AccraAround the world WHO is supporting the restoration of health services that were disrupted due to COVID-19 including at this hospital for ğŸ¤° and ğŸ‘¶ in Ghana.,4,WHO
3615686758476681,2020-10-06 09:53:00,ğŸ  If you are at home because of coronavirus it's still important to stay active every day as much as you can. WHO recommends that:- All healthy adults ğŸ‘« do 30 minutes/day of physical activity- Children ğŸ‘¦ should be physically active for 1 hour/day.,4,WHO
3613534922025198,2020-10-06 02:52:00,4ï¸âƒ£ steps to stay fit to beat COVID-19:ğŸŠ eat a healthy dietğŸš­ no tobaccoğŸƒâ€â™€ï¸ be physically activeğŸ» stop harmful use of alcohol,4,WHO
3613527158692641,2020-10-05 21:08:00,Avoid the 3ï¸âƒ£ Cs.There are certain places where COVID-19 spreads more easily:1ï¸âƒ£ Crowded places2ï¸âƒ£ Close-contact settings3ï¸âƒ£ Confined and enclosed spaces,4,WHO
688115852081503,2020-10-05 06:51:59,Live: Dr Tedros Adhanom Ghebreyesus' opening remarks at the Executive Board Special Session on COVID-19,4,WHO
3609439862434704,2020-10-05 00:07:14,Dr Mike Ryan WHO Emergencies Executive Director answering a question about whether it is safe for children to go back to school during COVID-19,4,WHO
3609446029100754,2020-10-04 17:34:00,Physical distance is a very simple method of preventing the spread of COVID-19.During the pandemic keep at least 1m distance from others.,2,WHO
3608874602491230,2020-10-04 10:58:09,As flu season starts in many parts of the world how would you know if you have flu or COVID-19? How can you protect yourself?WHOâ€™s Dr Sylvie Briand explains in Science in 5.,4,WHO
3607641435947880,2020-10-04 02:28:13,All members of a household with people with suspected or confirmed COVID-19 should regularly wash ğŸ™Œ with soap and water:âœ…After coughing/sneezingâœ…Before during & after food preparationâœ…Before eatingâœ…After using ğŸš½âœ…Before & after caring for the ill personâœ…When ğŸ™Œ are dirty,1,WHO
3602870803091610,2020-10-03 09:04:01,Mr Bean is following WHO's advice on how to stay safe from COVID-19. This is how you can be safe too:ğŸ‘‰ Keep your ğŸ¤² clean & don't touch your faceğŸ‘‰ Keep a physical distance of at least 1mğŸ‘‰ Keep in touch with your loved onesğŸ‘‰ If you have any symptoms call your healthcare provider,4,WHO
3599321166779907,2020-10-01 17:48:01,How can grandparents spend time with their grandchildren during COVID-19?,0,WHO
350562926135662,2020-10-01 05:06:56,Live conversation between Dr Tedros and Captain Sir Tom Moore on International Day of Older Persons. #COVID19,4,WHO
3595937413784949,2020-09-30 18:03:00,Today is the International Day of Older Persons.Support people who are older or isolated during COVID-19 by staying in touch through phone calls social media and messaging.Stay socially connected while practicing physical distancing.,3,WHO
1170358716673881,2020-09-30 11:01:48,Live Q&A on COVID-19 with Dr Mike Ryan and Dr Maria Van Kerkhove. Ask your questions!,4,WHO
3592600934118597,2020-09-30 01:34:00,Here are 3 basics measures you can follow while attending a small gathering or event during COVID-19:âœ…Maintain at least 1âƒ£ metre distance from othersâœ…Clean your ğŸ‘ frequentlyâœ…Avoid touching ğŸ‘€ ğŸ‘ƒ & ğŸ‘„âœ…Cover a sneeze/cough with a tissue or bent elbow,2,WHO
3592595214119169,2020-09-29 18:11:55,The quicker COVID-19 can be diagnosed the quicker action can be taken to treat and isolate those with the virus and trace their contacts. The tests are a critical tool for governments as they look to reopen economies and ultimately save both lives and livelihoods - Tedros Adhanom Ghebreyesus,3,WHO
3591292837582740,2020-09-29 09:19:28,It's World Heart Day!People with cardiovascular disease are more vulnerable to COVID-19.Know the symptoms of heart attack & stroke. If you are experiencing any of these symptoms seek medical care immediately.,0,WHO
3587332957978728,2020-09-29 01:35:00,FACT: Vitamin and mineral supplements cannot cure COVID-19.WHO is coordinating efforts to develop and evaluate medicines to treat COVID-19.,0,WHO
682446965811038,2020-09-28 11:47:07,Media briefing on COVID-19,0,WHO
3585248214853869,2020-09-27 17:41:00,If you are organizing a small gathering during COVID-19 you should provide all necessary supplies incl.ğŸ§»TissuesğŸ§´Hand sanitizer or soap & waterğŸ˜·MasksğŸ‘£Distance markersğŸ—‘ï¸Closed bins,1,WHO
3585228511522506,2020-09-27 12:14:21,There are lots of things that we want to be doing right now but they aren't necessarily what we need to be doing right now - please make good choices.There's so much you can do to protect yourself from getting infected and from passing COVID-19 on to others.-Dr Maria Van Kerkhove ğŸ‘‡,4,WHO
3582584648453559,2020-09-27 01:54:00,When can we expect a vaccine for COVID-19?How will we ensure that it is safe?Who should be vaccinated first and why?,4,WHO
3582568605121830,2020-09-26 17:51:20,This is what works against COVID-19: â€¬â€ª1 Preventing amplifying eventsâ€¬â€ª2 Protecting the vulnerableâ€¬â€ª3 Educating and empowering communities to protect themselves and othersâ€¬â€ª4 Finding isolating testing and caring for cases and tracing and quarantining their contactsâ€¬Do it ALL! - Tedros Adhanom Ghebreyesus,0,WHO
3581363868575637,2020-09-26 10:22:21,It's World Contraception Day.Contraception and family planning information and services are life-saving and important at all times. Sexual activity does not stop with the COVID-19 pandemic.Access to contraception is a fundamental right.,4,WHO
3578892138822810,2020-09-26 02:10:16,The Minions and Gru are supporting WHO in making sure people of all ages stay safe and healthy during this COVID-19 pandemic:ğŸ’› physically distancingğŸ’› being active at homeğŸ’› being kind to each other,4,WHO
3578889295489761,2020-09-25 17:48:00,The window of opportunity is now. We must act now and act together to end COVID-19""- Tedros Adhanom Ghebreyesus",0,WHO
613855985950549,2020-09-25 11:49:19,Media briefing on COVID-19,0,WHO
3576986352346722,2020-09-25 05:02:15,Italy was the first Western country to be heavily affected by COVID-19. The government and community across all levels reacted strongly and turned around the trajectory of the epidemic with a series of science-based measures. This video tells the story of Italyâ€™s experience.,4,WHO
3575400729171951,2020-09-24 17:35:11,Alternatives to handshakes hugs and high fives during COVID-19,4,WHO
3571654566213234,2020-09-24 01:26:32,WHO has teamed Ubongo Kids Africa-based children's education and entertainment producer to launch 'Will you wash your hands with Akili?'. The sing-a-long video by Akili and Me shows children how to wash their hands to stay safe during the COVID-19 pandemic.,4,WHO
3571652479546776,2020-09-23 17:25:49,How to wear a fabric mask safely during COVID-19: Don'ts,4,WHO
3273174852799241,2020-09-23 11:02:44,Live Q&A on COVID-19 with Dr Mike Ryan and Dr Maria Van Kerkhove. Ask your questions!,4,WHO
3567704776608213,2020-09-23 01:46:01,How to wear a fabric mask safely during COVID-19: Doâ€™s,4,WHO
624117695136517,2020-09-22 08:36:03,Live Q&A on making indoor spaces safer during #COVID19. #AskWHO,4,WHO
3563936653651692,2020-09-22 01:59:00,Need to use public transportation?Follow these steps to stay safe from COVID-19.,4,WHO
3563925250319499,2020-09-21 17:54:58,Here are some tips on how to make your own fabric mask during COVID-19,4,WHO
1005579683202275,2020-09-21 11:15:32,Media briefing on COVID-19,0,WHO
3559201997458491,2020-09-20 17:55:00,If you are experiencing violence during COVID-19:ğŸ¤ Reach out to supportive family friends or neighboursâ˜ï¸ Call a hotline or access information online if possibleğŸ†˜ Seek out local services for survivors,4,WHO
3554911397887551,2020-09-20 02:05:27,The ğŸŒ is overloaded with COVID-19 misinformationâ— Before you share a post or an article CHECK trusted sources like WHO & national health authoritiesâ— If you believe the information is false or misleading this is how you can REPORT it on social media: https://bit.ly/2FsXmBe,1,WHO
3554908121221212,2020-09-19 17:44:39,The Access to COVID-19 Tools (ACT-Accelerator) is a new groundbreaking global collaboration to accelerate the development production and equitable access to COVID-19 diagnostics therapeutics and vaccines.We need equitable global access to tests treatments and vaccines to end COVID-19 fairly effectively and efficiently.Because if one of us is at risk we are all at risk.We are only safe when everybody is safe.,4,WHO
3554905227888168,2020-09-19 09:25:01,Low risk isn't no risk. Follow your national health advisory to protect yourself and others from COVID-19,0,WHO
3552675938111097,2020-09-18 17:37:43,We need to prevent COVID-19 vaccine nationalism.For this reason WHO is working with governments and the private sector through the ACT-Accelerator to ensure that new innovations are available to everyone everywhere starting with those at highest risk- Tedros Adhanom Ghebreyesus,4,WHO
426546434984012,2020-09-18 04:26:39,Live from S. Orsola Hospital in Bologna Italy in time of COVID-19,4,WHO
3544254042286620,2020-09-16 17:32:00,How should schools assess their risk before reopening? What do we know about children and COVID-19?Dr Maria Van Kerkhove explains in this episode of Science in 5 WHOâ€™s conversations in science.,0,WHO
350703239450548,2020-09-16 11:31:39,Live Q&A on COVID-19 with Dr Mike Ryan and Dr Maria van Kerkhove. Ask your questions!,4,WHO
3542526755792682,2020-09-16 07:08:00,The backbone of Thailand ğŸ‡¹ğŸ‡­ response to COVID-19?Back to basics: A strong public health response led by identifying isolating treating cases and tracing and quarantining contacts of confirmed cases.,4,WHO
3542221119156579,2020-09-16 03:04:38,#WearAMask and protect your loved ones from COVID-19.But to break the chains of transmission we must also:-Keep physical distance-Keep cleaning your Open hands-Keep away from big crowds-Keep covering your ğŸ‘„ and ğŸ‘ƒ when coughingğ——ğ—¼ ğ—¶ğ˜ ğ—®ğ—¹ğ—¹!,4,WHO
348185986562906,2020-09-15 12:00:34,Media briefing on COVID-19,0,WHO
3538127419565949,2020-09-15 02:51:42,There are several ways to reduce your risk of COVID-19 â¬‡ï¸,0,WHO
3536324979746193,2020-09-14 17:08:14,How children can #WearAMaskğŸ˜· properly.Read more about children & masks in relation to COVID-19 â¡ï¸ bit.ly/35AXoSA,4,WHO
3522866507758707,2020-09-14 02:02:11,We call on young people to take precautionary measures: hand hygiene physical distance wear a mask stay home if youâ€™re feeling unwell avoid crowded places and mass gatherings to protect yourselves and others from COVID-19. Play it safe and help end this pandemic-Tedros Adhanom Ghebreyesus,4,WHO
3522877927757565,2020-09-13 17:45:00,There are certain places where COVID-19 spreads more easily:1ï¸âƒ£ Crowded places2ï¸âƒ£ Close-contact settings3ï¸âƒ£ Confined and enclosed spaces,4,WHO
3522859001092791,2020-09-13 09:17:16,These are the ways to outsmart COVID-19:1. Governments: test isolate & treat patients trace and quarantine their contacts; inform empower and listen to communities2. Individuals: keep physical distance #WearAMask clean hands regularly and cough safely away from others,4,WHO
3522863854425639,2020-09-12 01:19:05,Here are some tips on how to make your own fabric mask during COVID-19,4,WHO
3522862121092479,2020-09-11 17:39:00,What kind of mask should you wear while flying during COVID-19 â“ğŸ˜· Medical mask for those over 60 or people with underlying health conditionsğŸ˜· Fabric mask for people who feel healthy and have no symptoms,4,WHO
3522847944427230,2020-09-11 09:12:00,Can COVID-19 be transmitted through water? Or Mosquitoes? Is transmission affected by weather?Dr Sylvie Briand busts popular myths about COVID-19.,4,WHO
3518940428151315,2020-09-11 01:54:00,Everyone is expected to make the best effort to contain this disease [COVID-19]- Dr Mike Ryan WHO Emergencies Programme Executive Director,4,WHO
751453742311648,2020-09-10 10:41:38,Media briefing on COVID-19,0,WHO
3377954992428786,2020-09-10 06:33:11,Live from the First COVID-19 ACT-Accelerator Facilitation Council meeting with Tedros Adhanom Ghebreyesus,4,WHO
360597928468141,2020-09-09 03:13:08,Live Q&A on #COVID19 ACT-Accelerator and COVAX with Dr Soumya Swaminathan and Dr MariÃ¢ngela Batista GalvÃ£o SimÃ£o. #AskWHO,4,WHO
3512882042090487,2020-09-08 17:06:03,No COVID-19 vaccine is going to be mass-deployed before regulators governments and WHO are confident that it has met the minimum standards of efficacy and safety.WHO has a very elaborate and thorough vaccine safety process before making any kind of recommendation.- Dr Soumya Swaminathan WHO Chief Scientist,4,WHO
615470339142859,2020-09-08 09:01:53,Live Q&A on noncommunicable diseases and #COVID19,4,WHO
3510373839007974,2020-09-08 02:32:05,How does the SARS-CoV-2 infect us and how does our body react to it? The science of #COVID19 transmission & our immune response with @mvankerkhove,0,WHO
329805351407390,2020-09-07 10:20:47,Media briefing on COVID-19,0,WHO
3500265433352148,2020-09-07 01:03:47,COVID-19 explainer on masks: who should wear them when and how,0,WHO
3500259933352698,2020-09-06 09:22:00,Smokers are more likely to have a severe case of COVID-19 still tobacco industry targets young people. Let's get tobacco exposed!,4,WHO
3500254833353208,2020-09-06 01:58:40,"Wash your hands for 40 seconds and sing along ""Wash Wash Wash Your Hands"" with Peppa Pig and and her friends Rebecca Rabbit and Mr Badger!Washing your hands can help to stop the spread of COVID-19.",0,WHO
3501917476520277,2020-09-05 17:31:29,If and when we have an effective COVID-19 vaccine we must also use it effectively.I will repeat again: vaccine nationalism will prolong the pandemic not shorten it- Tedros Adhanom Ghebreyesus,4,WHO
3500237410021617,2020-09-05 09:49:25,Women with COVID-19 can breastfeed.They should:ğŸ¤±ğŸ¼Wash hands with soap and water or use alcohol-based hand rub frequentlyğŸ¤±ğŸ»Wear a medical mask during any contact with the babyğŸ¤±ğŸ¾Sneeze or cough into a tissueğŸ¤±Routinely clean and disinfect surfaces touched,4,WHO
3500226593356032,2020-09-05 03:44:39,4ï¸âƒ£ steps to stay fit to beat COVID-19:ğŸŠ eat a healthy dietğŸš­ no tobaccoğŸƒâ€â™€ï¸ be physically activeğŸ» stop harmful use of alcohol,4,WHO
3498414543537237,2020-09-04 17:53:00,Science In 5 this week:How does the SARS-CoV-2 infect us and how does our body react to it? The science of COVID-19 transmission and our immune response with Dr Maria Van Kerkhove,0,WHO
670352450247737,2020-09-04 11:19:19,Media briefing on COVID-19 with Tedros Adhanom Ghebreyesus,0,WHO
3494113593967332,2020-09-04 01:53:00,Even as restrictions are lifted consider where you are going during COVID-19 and stay safe.,4,WHO
3494110803967611,2020-09-03 17:31:00,"To help stop the spread of COVID-19 we all need to ""Do the 5"":-Clean your hands-Cover your mouth with your bent elbow whenever you cough or sneeze-Avoid touching your face-Avoid crowded places and keep a safe distance from others - if distancing isn't possible wear a fabric mask-Stay home if you can especially if you have any of the symptoms",4,WHO
3494085683970123,2020-09-03 09:21:00,WHO prescriptions for a healthy and green recovery from COVID-19:ğŸŒ± Protect and preserve natureğŸš° Invest in essential servicesğŸ’¡ Ensure a quick healthy energy transitionğŸ¥¦ Promote healthy sustainable food systemsğŸ™ Build healthy liveable citiesâŒ Stop using taxpayers money to fund pollutionhttps://bit.ly/HealthyRecovery,4,WHO
3493285947383430,2020-09-03 02:58:35,ğŸ˜· Wearing a mask is only effective to stop the spread of COVID-19 if it is worn properly.âŒ Avoid these common errors ğŸ‘‡,3,WHO
3491995464179145,2020-09-02 17:49:53,ğŸ†• guideline on use of dexamethasone and other corticosteroids advises:âœ… for oral or intravenous usage in treatment of patients with severe and critical COVID-19âŒ against usage in treatment of non-severe casesMore: https://bit.ly/2QNqaXBWHO.INTWHO updates clinical care guidance with corticosteroid recommendations,2,WHO
3577169288995205,2020-09-02 10:42:26,Live Q&A on COVID-19 clinical care with Dr Maria Van Kerkhove and Dr Janet Diaz. Ask your questions!,4,WHO
3488088664569825,2020-09-02 01:52:36,Mr Bean is following WHO's advice on how to stay safe from COVID-19. This is how you can be safe too:ğŸ‘‰ Keep your ğŸ¤² clean & don't touch your faceğŸ‘‰ Keep a physical distance of at least 1mğŸ‘‰ Keep in touch with your loved onesğŸ‘‰ If you have any symptoms call your healthcare provider,4,WHO
3486946914684000,2020-09-01 09:20:29,Every day healthcare workers around the world are at risk.Not just from COVID-19 but from other people.Health workers are caring for us. Let us care for them.Be respectful.Be supportive.Be kind.,4,WHO
3484521908259834,2020-09-01 01:50:00,To stop the spread of COVID-19 we all need to play our part. Help protect those who need it most.,4,WHO
3484518998260125,2020-08-31 18:27:53,We are 8 months into the COVID-19 pandemic and we understand that people are tired and yearn to get on with their lives but no country can just pretend the pandemic is over. This virus spreads easily and we all must remain serious about suppressing its transmission and saving lives- Tedros Adhanom Ghebreyesus,2,WHO
325404102113950,2020-08-31 11:48:54,Media briefing on COVID-19,0,WHO
3452842021427823,2020-08-31 01:19:00,Be kind and support loved ones during COVID-19.,4,WHO
3452837194761639,2020-08-30 17:25:11,ğŸ  If you are at home because of #coronavirus it's still important to stay active every day as much as you can. WHO recommends that ğŸ‘« all healthy adults do 30 minutes/day of physical activity and children ğŸ‘¦ğŸ§’ should be physically active for 1 hour/day.,4,WHO
3452792271432798,2020-08-30 01:53:46,If you are organizing a small gathering during COVID-19 you should provide all necessary supplies incl.ğŸ§»TissuesğŸ§´Hand sanitizer or soap & waterğŸ˜·MasksğŸ‘£Distance markersğŸ—‘ï¸Closed bins,1,WHO
3452761554769203,2020-08-29 09:39:58,ğŸ˜· How to wear a medical mask safely during COVID-19: Doâ€™s and donâ€™ts,4,WHO
3475884245790267,2020-08-29 04:55:40,What is herd immunity?WHO Chief Scientist Dr Soumya Swaminathan explains in our new series Science in 5 on COVID-19,4,WHO
3452755528103139,2020-08-29 01:37:51,Stay safe and healthy during COVID-19 â¬‡ï¸,4,WHO
3452629308115761,2020-08-28 09:22:35,Weâ€™re asking everyone to treat the decisions about where they go what they do and who they meet with as life-and-death decisions â€“ because they are. It may not be your life but your choices could be the difference between life and death for someone you love or for a complete stranger.We all have a part to play in protecting ourselves and one another from COVID-19- Tedros Adhanom Ghebreyesus,4,WHO
3452627374782621,2020-08-28 02:04:36,The Minions and Gru are supporting WHO in making sure people of all ages stay safe and healthy during this COVID-19 pandemic:ğŸ’› physically distancingğŸ’› being active at homeğŸ’› being kind to each other,4,WHO
3452289244816434,2020-08-27 17:44:56,Vaccine-preventable diseases include:Cervical cancerCholeraDiphtheriaHepatitis BInfluenzaJapanese encephalitisMeaslesMeningitisMumpsPertussisPneumoniaPolioRabiesRotavirusRubellaTetanusTyphoidVaricellaYellow FeverProtected together vaccines work!,0,WHO
669972850393731,2020-08-27 11:10:53,Media briefing on COVID-19,0,WHO
3452626144782744,2020-08-27 01:42:00,Smoking damages your lungs and other parts of your body and it makes you more vulnerable to COVID-19 infection.It is the right time to ğŸš­ quit smoking for a safer and better health. ğŸ’ª,4,WHO
3452621258116566,2020-08-26 17:47:00,Keep a distance of at least 1 metre from each other to limit the spread of COVID-19,1,WHO
1434129466775850,2020-08-26 10:41:58,Live Q&A on mental health and COVID-19. Ask your questions!,3,WHO
632436287463485,2020-08-26 10:41:26,Live Q&A on mental health and COVID-19. Ask your questions!,3,WHO
1097735210622412,2020-08-26 10:40:58,Live Q&A on mental health and COVID-19. Ask your questions!,3,WHO
3452616094783749,2020-08-25 17:37:00,Anyone can contract COVID-19.Letâ€™s be kind to each other and help stop the spread of coronavirus by following health advice.,4,WHO
3463522020359823,2020-08-25 12:47:50,Today is a day of celebration and a day of hope.Today we come together to rejoice over an historic public health success - the certification of wild poliovirus eradication in the African Region.- Tedros Adhanom GhebreyesusGreat news ğŸ‘: after 4 years without a case World Health Organization African Region ğŸŒ has been certified as wild polio-free!With this historic milestone 5 of the 6 WHO regions â€“ representing over 90% of the worldâ€™s population â€“ are now free of the wild poliovirus.,0,WHO
3452610241451001,2020-08-25 01:13:50,No matter where you live or who you are each of us can help to break the chains of COVID-19 transmission.Watch the video to find out how to protect yourself and others ğŸ‘‡,4,WHO
3452276871484338,2020-08-24 12:08:21,There are lots of things that we want to be doing right now but they aren't necessarily what we need to be doing right now - please make good choices.There's so much you can do to protect yourself from getting infected and from passing COVID-19 on to others.-Dr Maria Van Kerkhove ğŸ‘‡,4,WHO
3245640418849164,2020-08-24 06:16:51,Media briefing on COVID-19,0,WHO
3452606448118047,2020-08-23 17:33:00,Home caregivers for people with suspected or confirmed COVID-19 should:âœ… Ensure the ill persons rests ğŸ›Œ  drinks plenty of fluids and eats nutritious food.âœ… Wear a medical mask when in the same room with an ill person. Do not touch the mask ğŸ˜· or face during use and discard it afterward.âœ… Frequently clean hands ğŸ™Œ with soap and water or alcohol-based rub especially:â€¢ after any type of contact with the ill person or their surroundingsâ€¢ before during and after preparing foodâ€¢ before eatingâ€¢ after using the toiletâœ… Use dedicated dishes ğŸ½ cups eating utensils towels and bedlinens for the ill person. Wash dishes cups eating utensils towels or bedlinens used by the ill person with soap and water.âœ… Identify frequently touched surfaces by the ill person and clean and disinfect them daily.âœ… Call ğŸ“ your health care facility immediately if the ill person worsens or experiences difficulty breathing.,1,WHO
3452274614817897,2020-08-23 01:37:15,It is hard to put your life on hold but we need young people's energy to take control of our society and our future which includes fighting COVID-19 - Dr Mike Ryan WHO Emergencies Programme Executive Direcotr,2,WHO
3452273161484709,2020-08-22 17:36:44,Alternatives to handshakes hugs and high fives during COVID-19,4,WHO
3452853574760001,2020-08-22 09:04:00,WHO has teamed Ubongo Kids Africa-based children's education and entertainment producer to launch 'Will you wash your hands with Akili?'. The sing-a-long video by Akili and Me shows children how to wash their hands to stay safe during the COVID-19 pandemic.,4,WHO
3451348431577182,2020-08-22 01:44:00,While organizing a small gathering or event during COVID-19 you can minimize crowding by:âœ… Staggering arrivals & departuresâœ… Designating seat places at least 1 metre apartâœ… Numbering entriesâœ… Marking the floor,1,WHO
3451344164910942,2020-08-21 18:21:43,The WHO Manifesto for a healthy recovery from COVID-19 lists 6âƒ£ steps to create a healthier ğŸ’Ÿ fairer âš–ï¸ and greener ğŸŒ³ world while investing to maintain and resuscitate the economy â¬‡ï¸,4,WHO
226816592019866,2020-08-21 11:14:47,Media briefing on COVID-19,0,WHO
3449186841793341,2020-08-21 02:31:47,Here are 3 basics measures you can follow while attending a small gathering or event during COVID-19:âœ…Maintain at least 1âƒ£ metre distance from othersâœ…Clean your ğŸ‘ frequentlyâœ…Avoid touching ğŸ‘€ ğŸ‘ƒ & ğŸ‘„âœ…Cover a sneeze/cough with a tissue or bent elbow,2,WHO
3447068462005179,2020-08-20 17:12:00,It's World Mosquito Day.FACT: COVID-19 cannot be transmitted through mosquito ğŸ¦Ÿ bites,0,WHO
334322041036221,2020-08-20 09:39:40,Live Q&A on COVID-19 and older people. Ask your questions!,4,WHO
3444608815584477,2020-08-20 02:03:00,Are you a nurse doctor or other health professional?Here are some ways to cope with the stress during COVID-19.,1,WHO
3444571802254845,2020-08-19 17:25:01,We need to prevent COVID-19 vaccine nationalism.For this reason WHO is working with governments and the private sector through the ACT-Accelerator to ensure that new innovations are available to everyone everywhere starting with those at highest risk- Tedros Adhanom Ghebreyesus,4,WHO
3388670197856268,2020-08-19 09:20:55,Live Q&A on COVID-19 with Dr Mike Ryan and Dr Maria Van Kerkhove. Ask your questions!,4,WHO
10159150023784002,2021-03-01 08:23:50,Today CÃ´te d'Ivoire made history as one of the first African countries to vaccinate people against COVID-19 through COVAX - starting with health workers and teachers.UNICEF and partners are supporting the government through training cold chain strengthening and awareness campaigns.COVAX is a global initiative co-led by UNICEF World Health Organization (WHO) Gavi the Vaccine Alliance and the Coalition for Epidemic Preparedness Innovations (CEPI).Together we can make sure vaccines are available to all.,0,unicef
335758284494661,2021-02-26 08:39:46,â€œHappy and proudâ€ Mohamadou Sy on the delivery of life-saving COVID-19 vaccines in CÃ´te d'Ivoire through COVAX.Thanks to our partners @Gavi @WHO and the Coalition for Epidemic Preparedness Innovations (CEPI) many more countries are set to receive vaccines over the coming days and weeks in a tireless push to ensure equitable access for all.,4,unicef
10159142875919002,2021-02-26 06:53:06,An exciting delivery! Watch live as life-saving COVID-19 vaccines arrive in CÃ´te d'Ivoire.The vaccines are being delivered by UNICEF through COVAX a partnership with World Health Organization (WHO) Gavi the Vaccine Alliance and CEPI which aims to provide all countries with COVID-19 vaccines regardless of their income.UNICEF CÃ´te d'Ivoire was live.February 26 at 6:41 AM Â·Cela se passe en ce moment Ã  lâ€™AÃ©roport international dâ€™Abidjan.La CÃ´te dâ€™Ivoire est lâ€™un des premiers pays Ã  recevoir les vaccins #COVID-19 dans le cadre de l'initiative #COVAX pour assurer un accÃ¨s Ã©quitable Ã  tous.L'UNICEF est fiÃ¨re de soutenir la plus grande opÃ©ration d'approvisionnement de vaccins Ã  travers le monde.Un grand merci Ã  tous nos partenaires !OMS CI - Organisation Mondiale de la SantÃ© CÃ´te d'Ivoire MinistÃ¨re de la SantÃ© et de l'HygiÃ¨ne Publique Gavi the Vaccine Alliance,4,unicef
10159137933004002,2021-02-24 07:12:39,This morning Ghana made history as the first country to receive COVID-19 vaccines through COVAX.It's the first of many shipments UNICEF will help deliver alongside World Health Organization (WHO) Gavi the Vaccine Alliance and the Coalition for Epidemic Preparedness Innovations (CEPI).,4,unicef
10159137579319002,2021-02-24 03:19:05,Happening now!Ghana is the first country in the world to receive COVID-19 vaccines as part of COVAX a global initiative to ensure equitable access for everyone.UNICEF Ghana was live.February 24 at 2:39 AM Â·Happening now at the Kotoka International Airport.#Ghana is the first country in the world to receive #COVID-19 #vaccines as part of the #COVAX initiative to ensure equitable access for everyone.UNICEF is pleased to support the largest vaccine procurement and supply operation.Many thanks to all partners!#VaccinesSaveLivesWorld Health Organization (WHO) Ministry of Health Ghana @Ministry of Health Ghana Ministry of Information - Ghana World Bank European Union in Ghana United Nations in Ghana UNICEF UNICEF Africa High Commission of Canada to Ghana Togo and Sierra Leone USAID - US Agency for International Development Gavi the Vaccine Alliance,4,unicef
10159132688549002,2021-02-22 00:30:10,Congratulations to health workers vaccinated against COVID-19 this week!Throughout the pandemic you have been our first responders and our last hope for families facing tragedy. As you protect our loved ones you must also be protected.UNICEF and WHO are calling on governments to make sure ALL health workers are vaccinated - no matter where they live.Getting a vaccine or know someone who is? Post a photo with the v-sign tell us how you feel and tag @UNICEF to be featured.#Vaccinated âœŒï¸ğŸ“· UNICEF Bangladesh Â© Darmady Darmawan,4,unicef
10158996905329002,2021-01-09 00:05:07,Health workers are practising for a historic COVID-19 immunization drive in India. UNICEF and WHO are preparing countries - including lower income countries - for the roll out of safe and effective COVID-19 vaccines.We're empowering health workers with training to administer the vaccine correctly and ensuring they're equipped with fridges syringes and other essential supplies.,4,unicef
10158967523999002,2020-12-27 17:50:02,Supplying COVID-19 vaccines is not enough - we must deliver these life-saving tools into the safe hands of trained health workers. Weâ€™re working with the World Health Organization (WHO) to empower health workers with the right information training and support. Letâ€™s prepare every community to meet this crucial moment.,4,unicef
10158834210764002,2020-11-05 21:05:50,The COVID-19 pandemic is disrupting immunizations worldwide leaving millions of children at risk of preventable diseases. UNICEF and the World Health Organization (WHO) are calling for urgent action to avert major epidemics of measles and polio.,3,unicef
10158817889479002,2020-11-05 20:16:00,As soon as safe and effective COVID-19 vaccines are approved by the World Health Organization (WHO) we will need as many syringes as doses of vaccine. This year UNICEF will stockpile 520 million syringes in its warehouses part of a larger plan of 1 billion syringes by 2021.,4,unicef
10158808755844002,2020-10-27 12:05:00,Any vaccines that are approved for use by the World Health Organization (WHO) must go through rigorous tests and clinical trials to prove they are safe and effective in controlling disease. COVID-19 is no exception. Right now the global community is accelerating the search for coronavirus vaccines with an unprecedented investment of funds and scientific expertise. UNICEF is preparing to rapidly deliver supplies as soon as they are approved by WHO. We will never lose sight of the first priority that drives this whole endeavour: your health and safety.,4,unicef
10158789406219002,2020-10-19 04:05:04,When safe and effective vaccines are approved for COVID-19 we'll be ready. By the end of this year we'll have a stockpile of 520 million syringes - enough to wrap around the world one and a half times. By 2021 we're aiming for a total of 1 billion.We're working together with Gavi the Vaccine Alliance and World Health Organization (WHO) to ensure this is truly a people's vaccine accessible and affordable to every country.,4,unicef
